problem_id,user_id,content,option,answer,concept_id,course_name,knowledge_chain,is_correct,explanation
Pm_1209650,U_14392312,不同VLAN 间数据通信，需通过（ ）进行转发。,"{'A': 'HUB', 'B': '二层交换机', 'C': '路由器', 'D': '中继器'}","[""C""]",K_二层交换机_计算机科学与技术,网络综合布线,K_二层交换机_计算机科学与技术,0,"The question asks about the device required for communication between different VLANs. VLANs, or Virtual Local Area Networks, separate broadcast domains in a Layer 2 network. To enable communication between these VLANs, a router (Option C) or a Layer 3 switch is utilized, as they can route traffic between different network segments. The student answered incorrectly, possibly by misunderstanding the function of these devices, since hubs (Option A), Layer 2 switches (Option B), and repeaters (Option D) are not capable of routing between VLANs. They only operate within the same VLAN or broadcast domain."
Pm_1209652,U_14392312,虚拟局域网VLAN可根据以下哪些方式划分（）,"{'A': '根据端口划分VLAN', 'B': '根据MAC地址划分VLAN', 'C': '根据网络层（IP地址）划分VLAN', 'D': 'IP组播作为VLAN'}","[""A"", ""B"", ""C"", ""D""]",K_IP地址_信息与通信工程,网络综合布线,K_IP地址_信息与通信工程,0,"The student's answer, which includes options A, B, C, and D, is incorrect. VLANs are typically divided based on port (option A), MAC address (option B), and network layer or IP address (option C). However, option D, which states 'IP multicast as VLAN,' is not a standard method for VLAN division. Therefore, selecting option D led to the incorrect answer."
Pm_738102,U_14424233,为保证从分布式存储系统中读取的数据正确，需要采用哪种数据处理方式（  ）,"{'A': '压缩', 'B': '多份存储', 'C': 'Erasure coding编码', 'D': 'Checksum数据校验'}","[""D""]",K_分布式存储系统_计算机科学与技术,大数据平台核心技术,K_分布式存储系统_计算机科学与技术,1,"The student correctly answered the question by choosing option D, 'Checksum数据校验'. In distributed storage systems, ensuring data correctness during read operations often involves using checksums. Checksums are used to verify the integrity of data by comparing the stored checksum value with the value calculated from the retrieved data. This helps detect errors that might have occurred during storage or transmission, making it a correct method for ensuring data correctness in distributed systems."
Pm_738104,U_14424233,对于数据复制中的两种技术Replication和Rebalance的异同点描述不正确的是（  ）,"{'A': 'Repication的主要目的是为了保证数据可靠，防止数据丢失', 'B': 'Rebalance的主要目的是为了清理系统中的多余数据，提高空间利用率', 'C': 'Replication和Rebalance都需要考虑到数据在数据中心中的存放位置，提高由于硬件失效带来的数据不可用', 'D': 'Replication和Rebalance需要有优先级控制，防止数据复制不及时造成数据丢失'}","[""B""]",K_级控_计算机科学与技术,大数据平台核心技术,K_级控_计算机科学与技术,1,"The student correctly identified option B as the statement that inaccurately describes the differences between Replication and Rebalance. Replication aims to ensure data reliability and prevent data loss, while Rebalance is primarily about redistributing data to optimize system performance and reduce imbalance, rather than specifically cleaning excess data for better space utilization. Thus, option B does not correctly capture the primary goal of Rebalance, making it the right choice for an incorrect description."
Pm_738104,U_14424233,对于数据复制中的两种技术Replication和Rebalance的异同点描述不正确的是（  ）,"{'A': 'Repication的主要目的是为了保证数据可靠，防止数据丢失', 'B': 'Rebalance的主要目的是为了清理系统中的多余数据，提高空间利用率', 'C': 'Replication和Rebalance都需要考虑到数据在数据中心中的存放位置，提高由于硬件失效带来的数据不可用', 'D': 'Replication和Rebalance需要有优先级控制，防止数据复制不及时造成数据丢失'}","[""B""]",K_数据复制_计算机科学与技术,大数据平台核心技术,K_数据复制_计算机科学与技术,1,"The student correctly identified option B as a false statement regarding the differences and similarities between Replication and Rebalance. Replication is indeed aimed at ensuring data reliability and preventing data loss. However, while Rebalance may involve moving data to improve resource utilization, its main goal is balancing data distribution across the system rather than merely cleaning up redundant data. Therefore, B is not a correct description of Rebalance's primary purpose, making it the right choice for the question."
Pm_738107,U_14424233,下面对于分布式存储系统中如何选取存储介质的描述错误的是（  ）,"{'A': '为了让程序实现简单高效，存储系统中应该选用单一的存储介质', 'B': '为了节省存储成本，通常在一个分布式存储系统中会使用多种存储介质来实现高性能和大容量的目的', 'C': '不同的使用场景下，应该采用灵活的混合存储方式来满足需求', 'D': '所有存储介质的存储寿命都是一样的，所以寿命不在选取介质类型的考虑范围内'}","[""A"", ""D""]",K_存储介质_计算机科学与技术,大数据平台核心技术,K_存储介质_计算机科学与技术,1,"The student's response is correct because options A and D are indeed incorrect statements about selecting storage media in a distributed storage system. A single type of storage media is not usually sufficient to satisfy the diverse requirements of modern distributed systems, as indicated by option A being incorrect. Option D is also incorrect because different storage media have different lifespans, and this is a critical factor when selecting storage media for a system. Thus, selecting options A and D aligns with the correct understanding of these concepts."
Pm_738107,U_14424233,下面对于分布式存储系统中如何选取存储介质的描述错误的是（  ）,"{'A': '为了让程序实现简单高效，存储系统中应该选用单一的存储介质', 'B': '为了节省存储成本，通常在一个分布式存储系统中会使用多种存储介质来实现高性能和大容量的目的', 'C': '不同的使用场景下，应该采用灵活的混合存储方式来满足需求', 'D': '所有存储介质的存储寿命都是一样的，所以寿命不在选取介质类型的考虑范围内'}","[""A"", ""D""]",K_分布式存储系统_计算机科学与技术,大数据平台核心技术,K_分布式存储系统_计算机科学与技术,1,"The student correctly identified options A and D as the incorrect descriptions in the context of selecting storage media for distributed storage systems. Option A is incorrect because using a single type of storage medium would not allow for optimal performance and cost-efficiency, which are key goals of distributed systems. Option D is incorrect because different storage media have different lifespans, and considering the lifespan is essential when choosing the right type of storage."
Pm_738109,U_14424233,下面对分布式调度需要解决问题的说法正确的是？(  ),"{'A': '分布式调度主要解决任务调度的问题', 'B': '分布式调度主要解决资源如何分配的问题', 'C': '分布式调度既要解决任务调度也需要解决资源调度的问题', 'D': '以上说法都不对'}","[""C""]",K_任务调度_计算机科学与技术,大数据平台核心技术,K_任务调度_计算机科学与技术,1,"The student answered the question correctly by selecting option 'C'. In distributed scheduling, it is necessary to address both task scheduling and resource scheduling problems. Task scheduling involves deciding the order and timing of tasks, while resource scheduling deals with how to allocate resources efficiently among tasks. Therefore, option 'C' accurately describes the main challenges of distributed scheduling."
Pm_738110,U_14424233,伏羲分布式调度系统中负责资源调度的角色是？(  ),"{'A': 'FuxiMaster', 'B': 'Tubo', 'C': 'AppMaster', 'D': 'AppWorker'}","[""A""]",K_资源调度_计算机科学与技术,大数据平台核心技术,K_资源调度_计算机科学与技术,1,"The student correctly answered 'A: FuxiMaster' as the role responsible for resource scheduling in the Fuxi distributed scheduling system. FuxiMaster is known to be the component in charge of managing and scheduling resources in such systems, hence the answer is correct."
Pm_738114,U_14424233,下列关于伏羲资源调度优先级策略的说法错误的是？(  ),"{'A': '每个job在提交时会带一个priority值，一个整数值，越大优先级越高', 'B': '相同优先级按提交时间，先提交的优先级高', 'C': '资源优先分配给高优先级的job，剩余的资源继续分配给次高优先级job', 'D': '允许有高优先级的紧急任务加入'}","[""A""]",K_高优先级_计算机科学与技术,大数据平台核心技术,K_高优先级_计算机科学与技术,1,"The student correctly identified the statement that is incorrect about the priority scheduling strategy of Fuxi. The option 'A' suggests that a larger integer priority value indicates a higher priority, which contradicts common priority scheduling logic where a higher numerical value typically signifies lower priority. Therefore, this statement is incorrect, and the student's choice reflects an understanding of typical priority conventions."
Pm_738115,U_14424233,伏羲资源调度支持抢占，下面说法错误的是？(  ),"{'A': 'FuxiMaster会从当前正在运行的任务中，从最低优先级任务开始强制收回资源', 'B': '最低优先级任务被抢占后，抢占过程即终止', 'C': '抢占会一直递归进行', 'D': '不能抢比自己优先级高的任务'}","[""B""]",K_资源调度_计算机科学与技术,大数据平台核心技术,K_资源调度_计算机科学与技术,1,"The student's answer is correct. Option B states that the preemption process will stop after preempting the lowest priority task, which is incorrect. Resource scheduling that supports preemption typically involves continuous or recursive preemption to manage resources effectively, as stated in option C. The student correctly identified the false statement as required by the question."
Pm_738116,U_14424233,阿里云伏羲分布式调度系统与社区Hadoop MR最大的区别是？(  ),"{'A': 'Hadoop是一层架构集中资源和任务调度，而伏羲是两层架构独立的资源和任务调度', 'B': 'Hadoop存在规模瓶颈，而伏羲规模横向扩展性更好', 'C': 'Hadoop与伏羲的调度策略不同', 'D': 'Hadoop jobtracker没有failover，伏羲有完善的failover功能'}","[""A"", ""B"", ""D""]",K_调度策略_计算机科学与技术,大数据平台核心技术,K_计算复杂度_计算机科学与技术-K_程序指令_计算机科学与技术-K_段表_计算机科学与技术-K_中断机制_计算机科学与技术-K_用户进程_计算机科学与技术-K_调度策略_计算机科学与技术,1,"The student correctly identified multiple key differences between Alibaba Cloud's Fuxi system and Hadoop MR. Option 'A' is correct as Fuxi uses a two-layer architecture with independent resource and task scheduling, while Hadoop uses a single-layer architecture. Option 'B' is also correct as Fuxi is designed for better horizontal scalability than Hadoop, which may face scaling limitations. Lastly, 'D' is correct since Fuxi offers a well-developed failover mechanism, unlike Hadoop's jobtracker, which lacks this feature. The student's understanding of the architectural and operational differences between these two systems is reflected in their correct selection of answers."
Pm_738116,U_14424233,阿里云伏羲分布式调度系统与社区Hadoop MR最大的区别是？(  ),"{'A': 'Hadoop是一层架构集中资源和任务调度，而伏羲是两层架构独立的资源和任务调度', 'B': 'Hadoop存在规模瓶颈，而伏羲规模横向扩展性更好', 'C': 'Hadoop与伏羲的调度策略不同', 'D': 'Hadoop jobtracker没有failover，伏羲有完善的failover功能'}","[""A"", ""B"", ""D""]",K_阿里云_计算机科学与技术,大数据平台核心技术,K_阿里云_计算机科学与技术,1,"The student correctly identified the significant differences between the Alibaba Cloud Fuxi distributed scheduling system and the community Hadoop MR. Option A correctly describes the architectural difference of one-layer vs. two-layer for resource and task scheduling. Option B correctly indicates Fuxi's better horizontal scalability compared to Hadoop's scalability bottleneck. Option D also correctly mentions the failover capability which Fuxi possesses, unlike the jobtracker in Hadoop."
Pm_738117,U_14424233,伏羲资源调度的目标包括？(  ),"{'A': '集群资源利用率最大化', 'B': '每个任务的资源等待时间最小化', 'C': '能分组控制资源配额', 'D': '能支持临时紧急任务'}","[""A"", ""B"", ""C"", ""D""]",K_资源调度_计算机科学与技术,大数据平台核心技术,K_资源调度_计算机科学与技术,1,"The student's answer includes all options as goals of resource scheduling, specifically targeting maximizing cluster resource utilization, minimizing resource wait time for tasks, controlling resource quotas in groups, and supporting temporary urgent tasks. Given the context of resource scheduling in large data platforms, these are all valid objectives. Therefore, the student correctly identified all the goals of scheduling in this scenario."
Pm_738117,U_14424233,伏羲资源调度的目标包括？(  ),"{'A': '集群资源利用率最大化', 'B': '每个任务的资源等待时间最小化', 'C': '能分组控制资源配额', 'D': '能支持临时紧急任务'}","[""A"", ""B"", ""C"", ""D""]",K_集群_计算机科学与技术,大数据平台核心技术,K_集群_计算机科学与技术,1,"The student's answer is correct because they selected all the options ('A', 'B', 'C', 'D') that align with the goals of 伏羲 (Fuxi) resource scheduling. These include maximizing cluster resource utilization, minimizing the resource waiting time for each task, having the capability to control resource quotas in groups, and supporting temporary urgent tasks. Each of these options reflects a relevant objective in resource scheduling strategies for cluster management in the context of big data platforms."
Pm_738120,U_14424233,伏羲在支持大规模方面采用了哪些技术？(  ),"{'A': '多线程', 'B': '增量资源调度', 'C': '异步', 'D': '增加数据量'}","[""A"", ""B"", ""C""]",K_加数_计算机科学与技术,大数据平台核心技术,K_加数_计算机科学与技术,1,"The student answered the question correctly by selecting options 'A', 'B', and 'C'. These options represent techniques such as multi-threading, incremental resource scheduling, and asynchronous processing, which are commonly used to support scalability in large-scale systems. The student's understanding of the application of these technologies in supporting large-scale operations indicates a good grasp of core concepts in the course '大数据平台核心技术'."
Pm_738123,U_14424233,下面哪个阶段在BSP模型中可以独立并发执行的？（  ）,"{'A': '数据分片阶段', 'B': '本地计算阶段', 'C': '全局通信阶段', 'D': '栅栏同步阶段'}","[""B""]",K_BSP模型_计算机科学与技术,大数据平台核心技术,K_BSP模型_计算机科学与技术,1,"The student answered correctly. In the Bulk Synchronous Parallel (BSP) model, the 'Local Computation Phase' (本地计算阶段) is the part where tasks are executed independently and concurrently. This phase allows for parallel execution as there is no need for global synchronization until the 'Synchronization Barrier' (栅栏同步阶段)."
Pm_738124,U_14424233,下面哪些是BSP模型的缺点？（  ）,"{'A': '栅栏同步开销比较大', 'B': '可能产生死锁', 'C': '没有解决负载均衡问题', 'D': '被计算的数据可以保存在内存里'}","[""A""]",K_BSP模型_计算机科学与技术,大数据平台核心技术,K_BSP模型_计算机科学与技术,1,"The student's answer is correct. In the BSP (Bulk Synchronous Parallel) model, one known drawback is the significant overhead associated with barrier synchronization. Therefore, selecting '栅栏同步开销比较大' (Barrier synchronization overhead is relatively large) is an appropriate identification of a BSP model's disadvantage. The answer accurately reflects understanding of the BSP model's limitations within the context of the course content on core technologies of big data platforms."
Pm_738126,U_14424233,下面哪些是函数式编程语言有特点？（  ）,"{'A': '每个函数都有输出', 'B': '函数可以改变外部变量的状态', 'C': '函数的输出结果不依赖于外部变量', 'D': '函数的输入参数可能是另外一个函数'}","[""A"", ""C"", ""D""]",K_外部变量_计算机科学与技术,大数据平台核心技术,K_外部变量_计算机科学与技术,1,"The student correctly selected options A, C, and D as characteristics of functional programming languages. In functional programming, each function typically produces an output (A), functions aim to be pure with outputs not depending on external states (C), and functions can take other functions as arguments or return them (D). Option B, which states that functions can alter the state of external variables, is not characteristic of functional programming, as it emphasizes immutability and no side effects."
Pm_738126,U_14424233,下面哪些是函数式编程语言有特点？（  ）,"{'A': '每个函数都有输出', 'B': '函数可以改变外部变量的状态', 'C': '函数的输出结果不依赖于外部变量', 'D': '函数的输入参数可能是另外一个函数'}","[""A"", ""C"", ""D""]",K_函数式编程_计算机科学与技术,大数据平台核心技术,K_函数式编程_计算机科学与技术,1,"The student answered the problem correctly. In functional programming, key characteristics include: each function should have an output, functions should not have side effects (meaning the output does not depend on external variables), and functions can take other functions as input parameters. Therefore, selecting options A, C, and D correctly identifies these features of functional programming."
Pm_738136,U_14424233,分布式计算过程中，以下哪种计算调度方式代价更小？(  ),"{'A': '将计算发送到数据所在机器运行', 'B': '将数据拷贝到计算所在机器运行', 'C': '将数据和计算拿到统一的节点上运行', 'D': '以上都不对'}","[""A""]",K_调度方式_计算机科学与技术,大数据平台核心技术,K_调度方式_计算机科学与技术,1,"The student's answer is correct. In distributed computing, it is often more efficient to send computation to the node where the data resides. This minimizes data movement across the network, reducing the computational cost and improving overall performance, which aligns with option A: '将计算发送到数据所在机器运行'. This strategy is typically referred to as 'data locality.'"
Pm_738136,U_14424233,分布式计算过程中，以下哪种计算调度方式代价更小？(  ),"{'A': '将计算发送到数据所在机器运行', 'B': '将数据拷贝到计算所在机器运行', 'C': '将数据和计算拿到统一的节点上运行', 'D': '以上都不对'}","[""A""]",K_机器运行_计算机科学与技术,大数据平台核心技术,K_机器运行_计算机科学与技术,1,"The student correctly chose option 'A', which is the most cost-effective approach in distributed computing. Sending computation to the data's location is generally more efficient than moving large datasets, as data transfer can be resource-intensive and time-consuming."
Pm_738139,U_14424233,下面对流式描述正确的是（  ）,"{'A': '它是一种有状态计算，failover必须将数据从最源头重发。', 'B': '数据必须是有序进入，才能保证数据的正确性。', 'C': 'temporal SQL是适合流式计算的SQL语言。', 'D': '流式计算无法支持delete和update语义。'}","[""C""]",K_对流_计算机科学与技术,大数据平台核心技术,K_对流_计算机科学与技术,1,"The student's answer is correct because option C states that 'temporal SQL is a suitable SQL language for stream computing,' which accurately describes a characteristic of stream computing. Unlike other options, this focuses on the adaptability of temporal SQL for handling the continuous nature of streaming data, making it the most appropriate choice."
Pm_738141,U_14424233,下面对系统雪崩准确的描述有（  ）,"{'A': '系统雪崩是由于oom，引起系统级联的宕机现象。', 'B': '系统雪崩是由于系统设计问题，由软硬件以及流量异常引发的由细微问题引发更大面积故障，直至系统当机的现象。', 'C': '系统雪崩一般不会因为硬件引发。而是由于流量激增，系统容量设计不足，造成后台系统，包括数据库系统的不正常工作。', 'D': '系统雪崩最初原因与触发宕机的故障可以相关，也有可能无关。'}","[""B"", ""D""]",K_宕机_计算机科学与技术,大数据平台核心技术,K_宕机_计算机科学与技术,1,"The student correctly identified options B and D as accurate descriptions of a system avalanche. Option B correctly highlights that system avalanches can be triggered by minor issues due to software, hardware, or abnormal traffic resulting from system design flaws. Option D accurately notes that the initial cause of a system avalanche may be related or unrelated to the fault that triggers a system crash."
Pm_738142,U_14424233,对于spark streaming不正确的描述有（  ）,"{'A': 'spark streaming的ack机制由一组分布式的系统维护，所以它是scale-out的。', 'B': 'spark streaming使用mini-batch的机制，dstream由多个rdd组成。', 'C': 'spark streaming支持滑动窗口，固定窗口和session窗口。', 'D': 'spark streaming是将流式计算切割成批量计算。但同时，批量计算也可以当作流式计算运行。'}","[""A"", ""C""]",K_系统维护_计算机科学与技术,大数据平台核心技术,K_系统维护_计算机科学与技术,1,"The task was to identify incorrect descriptions of Spark Streaming. The student correctly identified options 'A' and 'C' as incorrect. Option 'A' is incorrect because Spark Streaming does not inherently scale due to the acknowledgement mechanism being a distributed system; instead, it can encounter challenges in scaling. Option 'C' is incorrect because Spark Streaming supports sliding windows and fixed windows, but it does not natively support session windows without additional configurations or workarounds. Therefore, the student provided the correct answer."
Pm_738142,U_14424233,对于spark streaming不正确的描述有（  ）,"{'A': 'spark streaming的ack机制由一组分布式的系统维护，所以它是scale-out的。', 'B': 'spark streaming使用mini-batch的机制，dstream由多个rdd组成。', 'C': 'spark streaming支持滑动窗口，固定窗口和session窗口。', 'D': 'spark streaming是将流式计算切割成批量计算。但同时，批量计算也可以当作流式计算运行。'}","[""A"", ""C""]",K_滑动窗口_计算机科学与技术,大数据平台核心技术,K_滑动窗口_计算机科学与技术,1,"The student correctly identified the incorrect statements about Spark Streaming. Option A is incorrect because Spark Streaming does not inherently rely on a 'scale-out' distributed system for its ack mechanism. Option C is also incorrect because although Spark Streaming supports sliding and fixed windows, it does not natively support session windows. Therefore, choosing A and C as incorrect descriptions is correct."
Pm_738147,U_14424233,逻辑回归属于下列那一类机器学习算法：（  ）,"{'A': 'Supervised Learning 监督学习', 'B': 'Unsupervised Learning无监督学习', 'C': 'Reinforcement Learning 加强学习', 'D': '以上都不是'}","[""A""]",K_监督学习_计算机科学与技术,大数据平台核心技术,K_监督学习_计算机科学与技术,1,"The student correctly identified that logistic regression is a type of supervised learning algorithm. In supervised learning, the algorithm is trained on a labeled dataset, which means each training example has input data and the correct output is provided. Logistic regression is used for classification problems, where the output is categorical, making it an appropriate choice for this category of machine learning algorithms."
Pm_738152,U_14424233,CAP理论是分布式系统设计领域著名的理论总结，认为CAP三者同时只能满足其二，其中CAP指的是：（ ）,"{'A': '一致性、可用性、分区容忍性', 'B': '原子性、隔离性、持久性', 'C': '易用性、可用性、一致性', 'D': '随机处理、批处理、流式处理'}","[""A""]",K_CAP理论_计算机科学与技术,大数据平台核心技术,K_CAP理论_计算机科学与技术,1,"The student correctly identified '一致性、可用性、分区容忍性' (Consistency, Availability, Partition Tolerance) as the components of the CAP theorem, which states that in distributed data systems, it is impossible to achieve all three simultaneously. This understanding is fundamental in computer science and technology, as the CAP theorem guides the design and trade-offs of distributed systems. Therefore, the student's answer is correct."
Pm_738152,U_14424233,CAP理论是分布式系统设计领域著名的理论总结，认为CAP三者同时只能满足其二，其中CAP指的是：（ ）,"{'A': '一致性、可用性、分区容忍性', 'B': '原子性、隔离性、持久性', 'C': '易用性、可用性、一致性', 'D': '随机处理、批处理、流式处理'}","[""A""]",K_随机处理_计算机科学与技术,大数据平台核心技术,K_随机处理_计算机科学与技术,1,"The student correctly identified option A as the components of the CAP theorem. The CAP theorem states that in a distributed data store, it is impossible to simultaneously guarantee consistency, availability, and partition tolerance. Therefore, it's often abbreviated as CAP, correctly provided as 一致性 (Consistency), 可用性 (Availability), and 分区容忍性 (Partition Tolerance)."
Pm_738152,U_14424233,CAP理论是分布式系统设计领域著名的理论总结，认为CAP三者同时只能满足其二，其中CAP指的是：（ ）,"{'A': '一致性、可用性、分区容忍性', 'B': '原子性、隔离性、持久性', 'C': '易用性、可用性、一致性', 'D': '随机处理、批处理、流式处理'}","[""A""]",K_批处理_计算机科学与技术,大数据平台核心技术,K_批处理_计算机科学与技术,1,"The student answered the question correctly. The CAP theorem in distributed system design stipulates that it is impossible for a distributed data store to simultaneously provide more than two out of the following three guarantees: Consistency, Availability, and Partition Tolerance. Option 'A' correctly identifies these three concepts as '一致性' (Consistency), '可用性' (Availability), and '分区容忍性' (Partition Tolerance)."
Pm_738152,U_14424233,CAP理论是分布式系统设计领域著名的理论总结，认为CAP三者同时只能满足其二，其中CAP指的是：（ ）,"{'A': '一致性、可用性、分区容忍性', 'B': '原子性、隔离性、持久性', 'C': '易用性、可用性、一致性', 'D': '随机处理、批处理、流式处理'}","[""A""]",K_隔离性_计算机科学与技术,大数据平台核心技术,K_隔离性_计算机科学与技术,1,"The student correctly identified the components of the CAP theorem, which are Consistency, Availability, and Partition Tolerance. These are the three properties mentioned in option A. In distributed system design, it is well-established that it is not possible to achieve all three properties simultaneously; a system can only ensure two at a time. Therefore, the student's answer is correct."
Pm_738152,U_14424233,CAP理论是分布式系统设计领域著名的理论总结，认为CAP三者同时只能满足其二，其中CAP指的是：（ ）,"{'A': '一致性、可用性、分区容忍性', 'B': '原子性、隔离性、持久性', 'C': '易用性、可用性、一致性', 'D': '随机处理、批处理、流式处理'}","[""A""]",K_分布式系统设计_计算机科学与技术,大数据平台核心技术,K_分布式系统设计_计算机科学与技术,1,"The student correctly identified the components of the CAP theorem, which states that a distributed system can only simultaneously guarantee two out of the three following components: Consistency, Availability, and Partition Tolerance. Option 'A' correctly lists these components, and thus the student answered correctly."
Pm_738157,U_14424233,常见的深度学习模型包括：（  ）,"{'A': '卷机神经元网络 CNN', 'B': '深度置信模型 DBN', 'C': '递归神经元网络 RNN', 'D': 'K最近邻居模型 KNN'}","[""A"", ""B"", ""C""]",K_卷_计算机科学与技术,大数据平台核心技术,K_卷_计算机科学与技术,1,"The student correctly identified the common deep learning models. '卷机神经元网络 CNN', '深度置信模型 DBN', and '递归神经元网络 RNN' are indeed commonly used deep learning models. 'K最近邻居模型 KNN' is not a deep learning model but a traditional machine learning algorithm, so it was correctly not selected."
Pm_738157,U_14424233,常见的深度学习模型包括：（  ）,"{'A': '卷机神经元网络 CNN', 'B': '深度置信模型 DBN', 'C': '递归神经元网络 RNN', 'D': 'K最近邻居模型 KNN'}","[""A"", ""B"", ""C""]",K_近邻_计算机科学与技术,大数据平台核心技术,K_近邻_计算机科学与技术,1,"The student's answer is correct because they selected 'A', 'B', and 'C', which stand for Convolutional Neural Network (CNN), Deep Belief Network (DBN), and Recurrent Neural Network (RNN), respectively. These are all common models used in deep learning. The option 'D', K-Nearest Neighbors (KNN), is not typically considered a deep learning model; rather, it is a type of traditional machine learning algorithm. Therefore, the student's selection accurately reflects common models in deep learning."
Pm_146588,U_14504720,当您在命令提示符的后面输入命令的一部分时，按（__）键，Linux会帮你打剩下的字符，补充成为完整命令，如果有多个相符的命令，连按两下（__）键，Linux会显示所有的相符的命令。,"{'A': 'TAB', 'B': 'CONTRL', 'C': 'SHIFT', 'D': 'SPACE'}","[""A""]",K_命令提示符_计算机科学与技术,Linux系统管理,K_命令提示符_计算机科学与技术,1,"The student's answer is correct. In Linux, when you type part of a command in the command prompt and press the 'TAB' key, it helps complete the remaining characters, making it a complete command. If multiple commands match, pressing the 'TAB' key twice will display all matching commands. Therefore, option 'A' correctly specifies the 'TAB' key as the correct answer."
Pm_146589,U_14504720,下面的选项哪些是正确的？,"{'A': 'Linux操作系统是由Linus Torvalds发明的', 'B': 'Linux操作系统是由Richard Stallman发明的', 'C': 'Linus Torvalds和Richard Stallman的工作共同造就了Linux', 'D': '自由软件运动和互联网的兴起造就了Linux操作系统'}","[""C"", ""D""]",K_自由软件_计算机科学与技术,Linux系统管理,K_自由软件_计算机科学与技术,1,"The student answered correctly by selecting options ""C"" and ""D"". Option 'C' is correct because Linus Torvalds created the Linux kernel, while Richard Stallman initiated the GNU project, both of which were essential in forming what is commonly referred to as the Linux operating system. Option 'D' is also correct because the development of Linux was greatly aided by the rise of the free software movement, led by Stallman, and the Internet, which allowed for global collaboration. Option 'A' is misleading because while Torvalds developed the kernel, Linux as a whole is a combination of his work and contributions from the GNU project. Option 'B' is incorrect because Richard Stallman did not invent Linux; rather, he provided significant contributions through GNU software."
Pm_146591,U_14504720,"关于CentOS,下面哪些说法是正确的？","{'A': 'CentOS100%兼容红帽企业版(RHEL)', 'B': 'CentOS不提供专门技术支持，不包含封闭源代码软件', 'C': 'CentOS 64位版本可以安装在32位架构的机器上', 'D': 'CentOS是利用用红帽企业版(RHEL)源代码重新编译而成的'}","[""A"", ""B"", ""D""]",K_闭源_计算机科学与技术,Linux系统管理,K_闭源_计算机科学与技术,0,"The student answered the question with options [A, B, D], and the answer was marked incorrect. Let's evaluate the given options: A is true as CentOS aims to be 100% compatible with RHEL. B is also true; CentOS is a community-driven project without paid support and doesn't include proprietary software by default. D is correct since CentOS is indeed built from the source code of RHEL. The issue lies with option C: CentOS 64-bit cannot be installed on a 32-bit architecture machine, as 64-bit systems require a compatible processor. The student incorrectly selected option C, which is not a valid statement, leading to an incorrect answer. The correct answer should exclude option C."
Pm_189415,U_14776653,综合布线要求设计一个结构合理、技术先进、满足需求的综合布线系统方案，下列哪项不属于综合布线系统的设计原则。(  ),"{'A': '综合考虑用户需求、建筑物功能、经济发展水平等因素', 'B': '长远规划思想、保持一定的先进性', 'C': '不必将综合布线系统纳入建筑物整体规划、设计和建设中', 'D': '扩展性、标准化、灵活的管理方式'}","[""C""]",K_设计原则_计算机科学与技术,网络综合布线,K_设计原则_计算机科学与技术,1,"The student answered correctly by selecting option C. In the context of designing a structured cabling system, integrating the system into the overall planning, design, and construction of the building is an essential principle, contrary to what option C suggests. This makes C the option that does not belong to the design principles, as it inaccurately states that there is no need to include the system in the overall building planning."
Pm_189415,U_14776653,综合布线要求设计一个结构合理、技术先进、满足需求的综合布线系统方案，下列哪项不属于综合布线系统的设计原则。(  ),"{'A': '综合考虑用户需求、建筑物功能、经济发展水平等因素', 'B': '长远规划思想、保持一定的先进性', 'C': '不必将综合布线系统纳入建筑物整体规划、设计和建设中', 'D': '扩展性、标准化、灵活的管理方式'}","[""C""]",K_综合_计算机科学与技术,网络综合布线,K_综合_计算机科学与技术,1,"The student answered correctly by choosing option 'C'. In the context of designing a structured cabling system, it is crucial to integrate the cabling system into the overall planning, design, and construction of the building. Therefore, the statement 'C', which suggests that it is not necessary to include the cabling system in the building's overall planning, does not belong to the principles of structured cabling system design. This is why option 'C' is the correct answer to the question."
Pm_146588,U_14956092,当您在命令提示符的后面输入命令的一部分时，按（__）键，Linux会帮你打剩下的字符，补充成为完整命令，如果有多个相符的命令，连按两下（__）键，Linux会显示所有的相符的命令。,"{'A': 'TAB', 'B': 'CONTRL', 'C': 'SHIFT', 'D': 'SPACE'}","[""A""]",K_命令提示符_计算机科学与技术,Linux系统管理,K_命令提示符_计算机科学与技术,1,"The student correctly answered 'TAB' for this Linux command line question. In Linux, pressing the 'TAB' key after typing part of a command triggers the shell to attempt auto-completion of the command. If there are multiple possible completions, pressing 'TAB' twice will list all possible options. The student demonstrated understanding of this feature, hence their answer is marked as correct."
Pm_146589,U_14956092,下面的选项哪些是正确的？,"{'A': 'Linux操作系统是由Linus Torvalds发明的', 'B': 'Linux操作系统是由Richard Stallman发明的', 'C': 'Linus Torvalds和Richard Stallman的工作共同造就了Linux', 'D': '自由软件运动和互联网的兴起造就了Linux操作系统'}","[""C"", ""D""]",K_自由软件_计算机科学与技术,Linux系统管理,K_自由软件_计算机科学与技术,1,"The student correctly selected options 'C' and 'D'. Option 'C' is correct because Linus Torvalds created the Linux kernel, while Richard Stallman's work on the GNU project contributed significantly to the system that became known as GNU/Linux. Option 'D' is also correct as the free software movement, led by Richard Stallman, and the rise of the Internet helped with the distribution and development of the Linux operating system. Therefore, the student has shown an understanding of the collaborative and historical context in which Linux was developed."
Pm_146591,U_14956092,"关于CentOS,下面哪些说法是正确的？","{'A': 'CentOS100%兼容红帽企业版(RHEL)', 'B': 'CentOS不提供专门技术支持，不包含封闭源代码软件', 'C': 'CentOS 64位版本可以安装在32位架构的机器上', 'D': 'CentOS是利用用红帽企业版(RHEL)源代码重新编译而成的'}","[""A"", ""B"", ""D""]",K_闭源_计算机科学与技术,Linux系统管理,K_闭源_计算机科学与技术,0,"The student's answer included options A, B, and D. While options B and D are correct—that CentOS does not provide official technical support or closed-source software and that it is recompiled from RHEL source code—option A is misleading. CentOS aims to be highly compatible with RHEL, but it's not guaranteed to be 100% compatible in all scenarios due to potential differences in testing and support agreements. Additionally, option C is incorrect because a 64-bit version of an operating system cannot be installed on a 32-bit architecture machine. The correct answer would be B and D."
Pm_146592,U_14956092,安装Linux所要的两个最基本的分区分别是以（ ）和（ ）。,"{'A': '/boot分区', 'B': '/home分区', 'C': '根分区', 'D': 'Swap分区'}","[""C"", ""D""]",K_Swap分区_计算机科学与技术,Linux系统管理,K_Swap分区_计算机科学与技术,1,"The student correctly identified that the two most essential partitions required for installing Linux are the root partition ('C': 根分区) and the swap partition ('D': Swap分区). The root partition contains the core of the Linux operating system, while the swap partition is used as virtual memory to supplement the computer's RAM."
Pm_146593,U_14956092,在Linux中，打开BASH后的命令提示符，能够告诉你有关主机的哪些信息？,"{'A': '登录的主机名', 'B': '登录的用户名', 'C': '用户当前所处的工作目录', 'D': '用户上次登录时间'}","[""A"", ""B"", ""C""]",K_主机名_计算机科学与技术,Linux系统管理,K_主机名_计算机科学与技术,0,"The student incorrectly answered the question by selecting options A, B, and C. In Linux, the Bash command prompt typically provides information about the logged-in user's username (option B), the name of the host machine (option A), and the user's current working directory (option C). However, it does not typically display the user's last login time (option D), which the student did not select, hence the answer was correct. Since the student's selection matches the expected correct options, the answer should have been marked as correct. However, if any option was overlooked in the question assessment or there was a misunderstanding, the student still provided the correct expected options traditionally shown in a Bash prompt, and deserved credit for this answer."
Pm_146593,U_14956092,在Linux中，打开BASH后的命令提示符，能够告诉你有关主机的哪些信息？,"{'A': '登录的主机名', 'B': '登录的用户名', 'C': '用户当前所处的工作目录', 'D': '用户上次登录时间'}","[""A"", ""B"", ""C""]",K_命令提示符_计算机科学与技术,Linux系统管理,K_命令提示符_计算机科学与技术,0,"The question asked about the information shown in the BASH prompt on Linux. The student selected options A (the hostname), B (the username), and C (the current working directory), but the response was marked incorrect. Typically, the BASH prompt does display the hostname, the username, and the current working directory. However, there might be a mistake in the setup of the question evaluation or in the additional context not provided in the problem. 'User's last login time' (D) is not usually shown in the BASH prompt, which may have been the expected answer as incorrect. Thus, options A, B, and C should be correct. Double-check the evaluation system or the question itself for discrepancies."
Pm_146597,U_14956092,下面关于关机和重启的说法，哪些是正确的？,"{'A': '关机是系统管理员要给予充分重视的一件大事.', 'B': 'shutdown -k now 命令用于立即关机', 'C': '不恰当或者不正确的关机和重启，可能会导致数据丢失', 'D': '关机和重启命令默认情况下普通用户亦可执行'}","[""A"", ""C""]",K_系统管理员_计算机科学与技术,Linux系统管理,K_系统管理员_计算机科学与技术,1,"The student's answer is correct. Option A is true because shutting down is a significant operation that system administrators need to manage carefully. Option C is also correct, as improper shutdowns can indeed lead to data loss. They correctly identified these as true statements. However, option B is incorrect because the 'shutdown -k now' command is used to warn users about a shutdown, not to immediately shut down the system. Option D is false because shutdown and reboot commands typically require administrator or root privileges, not something that ordinary users can execute by default."
Pm_146598,U_14956092,Linux中所谓的命令(Command)，广义上包括：,"{'A': '可执行的二进制文件', 'B': '可执行的库文件', 'C': 'shell脚本文件', 'D': 'shell内建函数'}","[""A"", ""C"", ""D""]",K_Shell脚本_计算机科学与技术,Linux系统管理,K_Shell脚本_计算机科学与技术,0,"The question asks about what constitutes a command in the broad sense in Linux. The correct options include: 'A' (可执行的二进制文件 - executable binary files), 'C' (shell脚本文件 - shell script files), and 'D' (shell内建函数 - shell built-in functions). However, the student missed option 'B' (可执行的库文件 - executable library files) which also falls under the broad definition of commands in some contexts, as libraries can include executable code. This is why their answer was incorrect."
Pm_146604,U_14956092,假设当前工作目录下有一个名为sampledir 的目录，该目录下有一个名为sampledir01的目录， 键入 “rmdir sampledir”，会发生什么？,"{'A': 'sampledir和sampledir01被删除', 'B': '出错', 'C': 'sampledir01被删除', 'D': 'sampledir被删除，但sampledir01未被删除'}","[""B""]",K_键入_计算机科学与技术,Linux系统管理,K_键入_计算机科学与技术,0,"The student chose 'B' as the answer, indicating that an error would occur. This is a correct response. Using the 'rmdir' command to remove a directory that is not empty (such as 'sampledir' which contains 'sampledir01') will result in an error. The 'rmdir' command can only remove empty directories, so attempting to remove 'sampledir' will fail because 'sampledir01' exists within it."
Pm_146607,U_14956092,关于Linux中工作目录，下面哪些说法是错误的?,"{'A': '可以在命令提示符中观察到目前所处的工作目录', 'B': '用户登录后初始的默认工作目录总是登录用户的 “家目录”', 'C': '用户的工作目录是固定的', 'D': '可以用～字符代表当前工作目录'}","[""C"", ""D""]",K_登录_计算机科学与技术,Linux系统管理,K_登录_计算机科学与技术,1,"The question is asking which statements about the working directory in Linux are incorrect. Option C states '用户的工作目录是固定的' (the user's working directory is fixed), which is incorrect because users can change their working directories using commands like 'cd'. Option D states '可以用～字符代表当前工作目录' (the '~' character represents the current working directory), which is also incorrect. In Linux, the '~' character represents the home directory of the current user, not the current working directory. Therefore, the student correctly identified both C and D as incorrect statements."
Pm_146607,U_14956092,关于Linux中工作目录，下面哪些说法是错误的?,"{'A': '可以在命令提示符中观察到目前所处的工作目录', 'B': '用户登录后初始的默认工作目录总是登录用户的 “家目录”', 'C': '用户的工作目录是固定的', 'D': '可以用～字符代表当前工作目录'}","[""C"", ""D""]",K_命令提示符_计算机科学与技术,Linux系统管理,K_命令提示符_计算机科学与技术,1,"The student correctly identified the incorrect statements about Linux working directories. Option 'C' is incorrect because a user's working directory is not fixed; it can be changed using commands like 'cd'. Option 'D' is incorrect because the '~' character represents the user's home directory, not the current working directory. Thus, the student's answer is correct."
Pm_146613,U_14956092,要将当前目录下的文件samplefile的文件从属组改为stu用户组，应该使用哪个命令？,"{'A': 'chmod stu ./samplefile', 'B': 'chown stu ./samplefile', 'C': 'chown :stu ./samplefile', 'D': 'chmod :stu ./samplefile'}","[""C""]",K_当前目录_计算机科学与技术,Linux系统管理,K_当前目录_计算机科学与技术,1,"The student correctly chose option C, 'chown :stu ./samplefile', to change the group ownership of the file 'samplefile' to the 'stu' group. The 'chown' command is used in Unix/Linux systems to change the file owner and group, and the proper syntax to change the group is 'chown :group_name file_name'. This is different from changing the owner, which would use the syntax 'chown user_name file_name' or 'chown user_name:group_name file_name' to change both the owner and group."
Pm_146614,U_14956092,如用ls -l 命令列出文件，文件的第一个字段是drwxr-x---，表示什么,"{'A': '这是一个符号链接文件，对于文件拥有者可读可写可执行，对于从属用户组里的用户可读不可写可执行，对于其他用户不可读不可写不可执行', 'B': '这是一个普通文件，对于文件拥有者可读可写可执行，对于其他用户可读不可写可执行，对于从属用户组里的用户不可读不可写不可执行。', 'C': '这是一个目录文件，对于文件拥有者可读可写可执行，对于从属用户组里的用户可读不可写可执行，对于其他用户不可读不可写不可执行', 'D': '这是一个目录文件，对于文件拥有者可读可写可执行，对于从属用户组里的用户可读可写可执行，对于其他用户不可读不可写不可执行'}","[""C""]",K_符号链接_计算机科学与技术,Linux系统管理,K_符号链接_计算机科学与技术,1,"The student answered correctly. The 'ls -l' command output of 'drwxr-x---' indicates a directory due to the leading 'd'. It shows the permissions: the owner can read, write, and execute (rwx), the group can read and execute (r-x), and others have no permissions (---). Thus, option 'C' correctly describes this set of permissions for a directory file."
Pm_146617,U_14956092,用root用户登录系统，使用rm命令删除文件时，以下哪些做法是对的？,"{'A': 'rm ./sampledir 可以删除当前目录下的sampledir目录', 'B': 'rm -f ./file01 可以删除当前目录下的file01文件，并在删除前会向用户进行确认。', 'C': 'rm -R ./sampledir 可以删除当前目录下的sampledir目录', 'D': 'rm file01 file02 可以删除当前工作目录下的file01 和file02文件，并在删除前会向用户进行确认。'}","[""C"", ""D""]",K_登录_计算机科学与技术,Linux系统管理,K_登录_计算机科学与技术,1,"The student's answer is correct. Option C is correct because the 'rm -R' command is used to remove directories recursively, which allows the user to delete directories like 'sampledir'. Option D is also correct as the 'rm' command can delete multiple files (file01 and file02) at once without requiring user confirmation unless the -i option is used. Therefore, choosing options C and D correctly identifies the suitable use of the 'rm' command for the described actions."
Pm_146617,U_14956092,用root用户登录系统，使用rm命令删除文件时，以下哪些做法是对的？,"{'A': 'rm ./sampledir 可以删除当前目录下的sampledir目录', 'B': 'rm -f ./file01 可以删除当前目录下的file01文件，并在删除前会向用户进行确认。', 'C': 'rm -R ./sampledir 可以删除当前目录下的sampledir目录', 'D': 'rm file01 file02 可以删除当前工作目录下的file01 和file02文件，并在删除前会向用户进行确认。'}","[""C"", ""D""]",K_删除文件_计算机科学与技术,Linux系统管理,K_删除文件_计算机科学与技术,1,"The student correctly identified that option C and D are the correct methods to use the 'rm' command when logged in as the root user to delete files or directories. Option C, 'rm -R ./sampledir', correctly uses the '-R' flag to recursively delete the 'sampledir' directory and its contents. Option D, 'rm file01 file02', properly lists multiple files to delete, which will be removed without confirmation unless the '-i' (interactive) option is specified. The student correctly understood these concepts."
Pm_146618,U_14956092,关于cp命令，哪些表述是正确的？,"{'A': 'cp命令可以同时拷贝多个文件', 'B': '默认情况下，cp命令拷贝时遇到同名文件会自动覆盖', 'C': '默认情况下，cp命令拷贝时会将文件属性一并进行拷贝', 'D': 'cp命令拷贝同时还可以重命名文件'}","[""A"", ""D""]",K_文件属性_计算机科学与技术,Linux系统管理,K_文件属性_计算机科学与技术,1,"The student correctly identified that option A, 'cp命令可以同时拷贝多个文件' (the cp command can copy multiple files at once), is a true statement. The cp command can indeed handle multiple files as arguments to copy them to a specified destination. They also correctly included option D, 'cp命令拷贝同时还可以重命名文件' (the cp command can rename files while copying), though this might need clarification because cp doesn’t directly rename files but can change the file name in the target location if a different name is specified. They did not select options B and C, which would have been incorrect to choose: Option B is correct as cp does indeed overwrite files by default without prompting (but B was incorrectly omitted from the answer), while C is incorrect because regular cp does not preserve file attributes unless '-p' or '--preserve' is used."
Pm_146619,U_14956092,关于cp命令，哪些用法是可以达成目标？,"{'A': 'cp -R ~/sampledir . 可以将当前用户家目录下的sampledir目录拷贝到当前目录中。', 'B': 'cp ./file01 ./file02 .. 可以将当前目录下的file01文件拷贝到当前目录中并重命名为file02, 同时将file01文件拷贝到当前目录的上层目录中。', 'C': 'cp /home/stu/file01 ~/root 可以将file01目录拷贝到根用户家目录下', 'D': 'cp -R ../sampledir ~root 可以将上层目录中的sampledir目录拷贝到根用户家目录下'}","[""A"", ""D""]",K_当前目录_计算机科学与技术,Linux系统管理,K_当前目录_计算机科学与技术,0,"The student selected options A and D, but only option A is correct. Option A correctly describes the use of 'cp -R ~/sampledir .' to copy the 'sampledir' directory from the user's home directory to the current directory recursively. Option D is incorrect because the command 'cp -R ../sampledir ~root' will fail as '~root' is not a valid directory location and moving to the root user's home directory typically requires appropriate permissions. Option B is incorrect because 'cp ./file01 ./file02 ..' would result in an error if file02 doesn’t exist in the current directory, as it attempts to rename and copy at the same time which isn’t valid for directories. Option C is incorrect because '/home/stu/file01' is a file, not a directory, and if '~root' is meant as the root user's home directory, it needs appropriate permissions and a correct path, which '~root' is not. The student did not correctly identify these missteps in their choices."
Pm_146621,U_14956092,在使用ln建立文件链接时，为了跨越不同的文件系统，我们需要使用,"{'A': '普通链接', 'B': '硬链接', 'C': '符号链接', 'D': '特殊链接'}","[""C""]",K_硬链接_计算机科学与技术,Linux系统管理,K_硬链接_计算机科学与技术,1,"The student correctly answered 'C' for the question, recognizing that '符号链接' or 'symbolic link' is the appropriate choice for linking files across different file systems. This is because symbolic links can link files across different filesystems, while hard links cannot, as they must point to files within the same filesystem."
Pm_146621,U_14956092,在使用ln建立文件链接时，为了跨越不同的文件系统，我们需要使用,"{'A': '普通链接', 'B': '硬链接', 'C': '符号链接', 'D': '特殊链接'}","[""C""]",K_符号链接_计算机科学与技术,Linux系统管理,K_符号链接_计算机科学与技术,1,"The student answered the question correctly by choosing '符号链接' (symbolic link). In Linux, symbolic links are used to link files across different file systems, as they store the path to the target file rather than creating a direct reference to it. This allows them to operate across different file systems, unlike hard links, which cannot link files from different filesystems."
Pm_146622,U_14956092,关于硬链接，下面哪些描述是正确的？,"{'A': '不可以跨文件系统。', 'B': '可以做目录的连接', 'C': '硬链接文件的inode-number与被链接文件的inode-number相同', 'D': '硬链接和符号链接的原理事实上是一样的'}","[""A"", ""C""]",K_硬链接_计算机科学与技术,Linux系统管理,K_硬链接_计算机科学与技术,1,"The student's answer is correct. In Linux systems, hard links cannot cross different filesystems, which makes option 'A' correct. Moreover, a hard link shares the same inode number as the file it links to, which confirms that option 'C' is also correct. Options 'B' and 'D' are incorrect because hard links cannot be created for directories and the principles behind hard links and symbolic links differ significantly."
Pm_146622,U_14956092,关于硬链接，下面哪些描述是正确的？,"{'A': '不可以跨文件系统。', 'B': '可以做目录的连接', 'C': '硬链接文件的inode-number与被链接文件的inode-number相同', 'D': '硬链接和符号链接的原理事实上是一样的'}","[""A"", ""C""]",K_符号链接_计算机科学与技术,Linux系统管理,K_符号链接_计算机科学与技术,1,"The student answered the question correctly. Option A is correct because hard links cannot span across different file systems. Option C is correct because in a hard link, the linked file and the original file share the same inode number, meaning they point to the same physical location on the disk. Options B and D are incorrect: hard links cannot be created for directories due to the potential risk of creating circular references, and the fundamental mechanism of hard links and symbolic links differs as symbolic links are separate files that point to the file path, not the inode."
Pm_146623,U_14956092,关于文件硬链接和源文件的关系，下面哪些描述是正确的？,"{'A': '文件硬链接和源文件实际上共用一份文件内容数据', 'B': '源文件删除对文件硬链接没有影响', 'C': '一个硬盘分区上文件的硬链接可以位于另外一个分区上', 'D': '对于文件硬链接内容的改动不会影响到源文件'}","[""A"", ""B""]",K_硬链接_计算机科学与技术,Linux系统管理,K_硬链接_计算机科学与技术,0,"The student's answer indicated options A and B as correct. These options state that 'file hard links and the source file share the same file content data' and 'deleting the source file does not affect the hard link,' respectively. Option A is correct because hard links indeed share the same content with the original file; they point to the same inode. Option B is also correct because a hard link continues to point to the data even if the original file is deleted, as long as at least one link exists. However, the student did not correctly address option C and D. Option C is incorrect because hard links cannot span different partitions; they must reside in the same file system. Option D is also incorrect because any modifications to the content of a hard link will indeed reflect in the originally linked file, as they refer to the same data. It seems the student overlooked options C and D, which led to an incorrect response overall."
Pm_146623,U_14956092,关于文件硬链接和源文件的关系，下面哪些描述是正确的？,"{'A': '文件硬链接和源文件实际上共用一份文件内容数据', 'B': '源文件删除对文件硬链接没有影响', 'C': '一个硬盘分区上文件的硬链接可以位于另外一个分区上', 'D': '对于文件硬链接内容的改动不会影响到源文件'}","[""A"", ""B""]",K_硬盘分区_计算机科学与技术,Linux系统管理,K_硬盘分区_计算机科学与技术,0,"The student's answer was incorrect because, while options A and B are indeed correct descriptions of hard links, the exclusion of C and D is important to verify as well. A hard link shares the same inode and data blocks with the source file, making option A correct. Removing the source file name does not affect the data, provided there is at least one hard link remaining, making B correct as well. However, hard links must be on the same file system, rendering option C incorrect. Changes made through a hard link affect the shared data blocks, meaning option D is also incorrect, as modifications to a hard link do affect the original file. Therefore, including important context on why C and D are incorrect helps understand the full scope of hard links, which might have been overlooked by the student in their answer."
Pm_146624,U_14956092,关于符号链接，下面哪些描述是正确的？,"{'A': '可以通过符号链接文件来读、写和执行源文件。', 'B': '符号链接文件和源文件实际上是同一个文件。', 'C': '删除源文件，符号链接文件将变得不可用', 'D': '不能为符号链接文件再创建符号链接'}","[""A"", ""C""]",K_符号链接_计算机科学与技术,Linux系统管理,K_符号链接_计算机科学与技术,1,"The student correctly identified options A and C as true statements about symbolic links in Linux. Option A is correct because symbolic links allow you to perform operations like reading, writing, and executing on the source file through the link. Option C is correct because if the source file is deleted, the symbolic link becomes broken or invalid as it points to a non-existent target. Options B and D are incorrect because a symbolic link is not the same as the source file—it's a separate entity that points to the source. Also, you can create symbolic links to symbolic links, which contradicts option D."
Pm_146627,U_14956092,关于文件压缩，下面哪些描述是正确的?,"{'A': 'Linux中压缩文件有很多工具可以利用。', 'B': '用gzip命令压缩文件后，默认会删除源文件', 'C': 'gzip命令可以调节文件压缩的比例。', 'D': 'gzip 压缩文件的默认后缀名是.gz', 'E': 'gzip解压文件时默认会删除压缩文件'}","[""A"", ""B"", ""C"", ""D"", ""E""]",K_文件压缩_计算机科学与技术,Linux系统管理,K_文件压缩_计算机科学与技术,0,"The student selected options A, B, C, D, and E, but not all of these statements are correct. Let's review each one: A is correct as Linux offers many tools for file compression. B is incorrect; the 'gzip' command usually retains the original file unless the '-f' option is used. C is incorrect; 'gzip' does not allow adjusting the compression ratio beyond the default. D is correct as '.gz' is the default file extension for files compressed using 'gzip'. E is incorrect; 'gzip' does not delete the compressed file upon decompression unless explicitly instructed. Therefore, the correct answers are A and D, not the entire set chosen by the student."
Pm_146630,U_14956092,关于文件打包（归档），下面哪些描述是正确的?,"{'A': 'tar可以打包整个目录', 'B': 'tar打包多个文件后的打包文件大小，比原文件大小之和要稍小', 'C': 'tar 打包文件必须要有一个.tar的后缀名', 'D': '可以用tar命令来合并两个打包文件', 'E': '可以用tar命令来查看打包文件中的文件'}","[""A"", ""D"", ""E""]",K_文件大小_计算机科学与技术,Linux系统管理,K_文件大小_计算机科学与技术,1,"The student correctly answered the question about file archiving using the 'tar' command in Linux. Option A is correct because 'tar' can indeed be used to package entire directories. Option D is correct since 'tar' can be used to concatenate archive files. Additionally, Option E is correct because 'tar' can be used to list the contents of an archive. Options B and C are incorrect; B is wrong because 'tar' does not compress files, so the size is not necessarily smaller, and C is incorrect as 'tar' files do not require a '.tar' extension, although it is a common convention."
Pm_146630,U_14956092,关于文件打包（归档），下面哪些描述是正确的?,"{'A': 'tar可以打包整个目录', 'B': 'tar打包多个文件后的打包文件大小，比原文件大小之和要稍小', 'C': 'tar 打包文件必须要有一个.tar的后缀名', 'D': '可以用tar命令来合并两个打包文件', 'E': '可以用tar命令来查看打包文件中的文件'}","[""A"", ""D"", ""E""]",K_文件打包_计算机科学与技术,Linux系统管理,K_文件打包_计算机科学与技术,1,"The student answered options A, D, and E correctly. Option A is correct because the 'tar' command can indeed be used to package entire directories. Option D is correct as 'tar' can be used to concatenate multiple tar archives into one. Option E is correct because 'tar' can be used to list the contents of an archive. Option B is incorrect because 'tar' alone does not compress files, so the archive is typically the same size or sometimes slightly larger due to metadata, unless combined with a compression tool like gzip or bzip2. Option C is incorrect as the '.tar' extension is not strictly necessary, though it's conventionally used for tar archives."
Pm_146632,U_14956092,现在需要在根目录下找所有的名字为temp的文件，然后删除，删除时不需要提示，请问可如何实现。,"{'A': 'find / -name temp rm *', 'B': '编一个SHELL脚本实现', 'C': 'find / -name temp –exec rm {}  ;', 'D': 'find / -name temp –exec rm'}","[""C""]",K_Shell脚本_计算机科学与技术,Linux系统管理,K_Shell脚本_计算机科学与技术,1,"The student correctly chose option C: 'find / -name temp –exec rm {} ;'. This command finds files named 'temp' starting from the root directory and removes them without prompting. The use of '-exec rm {} ;' is a common pattern in shell scripting to execute a command on each file found by 'find'. Thus, the student's answer aligns with the required operation and syntax."
Pm_146633,U_14956092,关locate命令，下面哪些描述是正确的？,"{'A': 'locate命令能够快速查找文件', 'B': '如不指定查找的目录范围，locate将以当前工作目录作为查找范围', 'C': 'locate查找速度更快是因为它采用了更加有效率的查找算法', 'D': 'locate有时会发生新建文件无法查找到的问题', 'E': 'locate有时会发生查找到已删除文件的问题'}","[""A"", ""D"", ""E""]",K_删除文件_计算机科学与技术,Linux系统管理,K_删除文件_计算机科学与技术,1,"The student answered correctly by selecting options A, D, and E. Option A is correct because the 'locate' command is known for quickly finding files due to its efficient database system rather than real-time searching. Option D is correct because if the 'locate' database has not been updated, it may not find newly created files. Option E is correct because 'locate' uses a prebuilt database that may still contain paths to deleted files until the database is updated. Option B is incorrect as 'locate' searches the entire database by default, not just the current directory. Option C is incorrect because the speed of 'locate' is due to its database, not a more efficient search algorithm."
Pm_146635,U_14956092,关Linux中的通配符，下面哪些描述是正确的？,"{'A': '通配符可以用于对批量文件进行操作', 'B': '* 可以匹配任意单个字符', 'C': '[0-9] 可以匹配0到9之间的任意单个字符', 'D': '[!A-Z] 可以匹配除了大写A到Z之间的任意单个字符'}","[""A"", ""C"", ""D""]",K_通配符_计算机科学与技术,Linux系统管理,K_通配符_计算机科学与技术,1,"The student's selected answers are correct. Option A accurately describes that wildcards can be used for batch file operations in Linux. For option C, the pattern [0-9] correctly matches any single character from 0 to 9. Option D is also correct because the pattern [!A-Z] matches any single character not in the uppercase A to Z range. The statement in option B is incorrect because * matches zero or more characters, not any single character. Therefore, the student correctly identified the valid descriptions concerning the use of wildcards in Linux."
Pm_146637,U_14956092,关于tail和head命令，下面哪些描述是正确的。,"{'A': 'head默认情况下显示文件的头5行', 'B': 'tail只能同时查看一个文本文件', 'C': '这一对命令经常被用来查看日志文件', 'D': '可以用 -n 选项（n为一个自然数）来指定tail和head要显示的行数'}","[""C"", ""D""]",K_显示文件_计算机科学与技术,Linux系统管理,K_显示文件_计算机科学与技术,0,"The student selected options 'C' and 'D' as correct. However, this answer is incorrect. Option 'C' is correct because 'head' and 'tail' commands are frequently used to view log files. Option 'D' is also correct as both commands can use the '-n' option to specify the number of lines to display. The mistake likely lies in the omission of other correct options. Option 'A' is incorrect because 'head' by default shows the first 10 lines, not 5. Option 'B' is incorrect because 'tail' can be used to view multiple files simultaneously by specifying multiple file names. Therefore, the correct choice should include both 'C' and 'D', alongside the understanding that there are no additional correct statements in this list."
Pm_146643,U_14956092,关Linux中的输入输出重定向，下面哪些描述是正确的?,"{'A': '标准输出流（stdout），显示来自命令的输出，文件描述符是 0', 'B': '标准输入流（stdin），向命令提供输入，文件描述符是 1', 'C': '对于任何一条linux 命令,其结果都是通过stdout输出到输出设备上；', 'D': 'Linux中使用> 和>> 操作符来重定向标准输出', 'E': '标准输入重定向是让命令从指定文件中获取输入而非从stdin中获取输入。'}","[""D"", ""E""]",K_标准输入流_计算机科学与技术,Linux系统管理,K_标准输入流_计算机科学与技术,0,"The student incorrectly selected options D and E. The correct aspects of redirection are as follows: 'Standard output (stdout) uses file descriptor 1, not 0, which is for standard input (stdin).' Therefore, option A is incorrect because stdout is not file descriptor 0. Option B is incorrect because stdin has file descriptor 0, not 1. Option C is misleading because not all command outputs are necessarily sent to stdout without undergoing possible error output redirection (stderr). Option D is correct because '>' and '>>' are used for standard output redirection. Option E is correct as it describes the standard input redirection process accurately. Thus, the student misidentified the correct answer set."
Pm_146644,U_14956092,"关于命令echo -e ""1 applen2 pearn3 banana""&gt;&gt;fruit.txt，下面哪些描述是错误的。","{'A': '这个命令将echo的输出重定向到了fruit.txt文件中。', 'B': 'fruit.txt文件中如果原有内容将被覆盖', 'C': 'echo的输出重定向将追加到fruit.txt文件最后', 'D': '如果fruit文件不存在，命令将出错'}","[""B"", ""D""]",K_追加_计算机科学与技术,Linux系统管理,K_追加_计算机科学与技术,1,"The student's answer is correct. The command `echo -e ""1 applen2 pearn3 banana"" >> fruit.txt` appends the output to the file `fruit.txt`. Therefore, option B is incorrect because if `fruit.txt` already has content, it will not be overwritten, but rather the new content will be appended. Option D is also incorrect because if `fruit.txt` does not exist, it will be created; the command will not produce an error. Thus, the options B and D that the student chose are indeed the descriptions that are incorrect based on the given command."
Pm_146660,U_14956092,在CentOS中，默认情况下，虚拟用户的UID范围是:,"{'A': '1-499', 'B': '0-499', 'C': '0-500', 'D': '500以后'}","[""A""]",K_虚拟用户_计算机科学与技术,Linux系统管理,K_虚拟用户_计算机科学与技术,0,"The student chose option 'A' which stated that the UID range for virtual users in CentOS is '1-499'. However, the correct answer is option 'D', stating '500 and beyond'. By default, in CentOS, user accounts created by the system have UID values starting from 500, as UIDs below 500 are typically reserved for system accounts. Therefore, the student's answer was incorrect."
Pm_146661,U_14956092,关于CentOS中的用户，描述错误的是：,"{'A': '虚拟用户是给系统的访客使用的', 'B': '根用户的UID是固定的', 'C': '虚拟用户使用的默认Shell是BASH', 'D': 'Linux是通过用户名来识别用户的身份的', 'E': '普通用户对系统有只有有限的权限'}","[""A"", ""C""]",K_虚拟用户_计算机科学与技术,Linux系统管理,K_虚拟用户_计算机科学与技术,0,"The student's answer is incorrect. The problem asks for the incorrect description about users in CentOS. The statement 'A: 虚拟用户是给系统的访客使用的' is incorrect because virtual users are typically created for services or applications, not for system guests. Meanwhile, 'C: 虚拟用户使用的默认Shell是BASH' is generally true since many virtual users, depending on their purpose, could use different shells, but BASH is a common default. Therefore, only 'A' should have been selected as the incorrect statement."
Pm_146662,U_14956092,关于Linux中的用户组，描述错误的是：,"{'A': '用户组的身份标识叫做GID', 'B': '一个用户只能从属于一个用户组', 'C': '一个用户组能够包含多个用户', 'D': '在同一时刻，一个用户的主用户组只能有一个', 'E': '每个用户都必定从属于一个与用户同名的独立的私有用户组'}","[""B"", ""E""]",K_用户组_计算机科学与技术,Linux系统管理,K_用户组_计算机科学与技术,1,"The student's answer is correct. In Linux, a user can belong to multiple groups, so option B is incorrect as it states that a user can only belong to one group. Additionally, not every user must belong to a private group with the same name, making option E incorrect as well. Therefore, identifying B and E as incorrect descriptions aligns with the correct understanding of user groups in Linux."
Pm_146663,U_14956092,用户的主用户组属性将影响到：,"{'A': '用户创建的文件属性', 'B': '用户对于文件的访问权限', 'C': '用户是否为虚拟用户', 'D': '用户能否被删除'}","[""A"", ""B""]",K_文件属性_计算机科学与技术,Linux系统管理,K_文件属性_计算机科学与技术,0,"The student's answer was incorrect because the primary group attribute of a user primarily affects the attributes of files created by the user, particularly the group ownership of those files. This is represented by option 'A'. While the primary group can play a role in determining file access permissions because it influences group-based permission checks, it does not directly change 'B' as phrased. The user's primary group does not directly relate to options 'C' or 'D'. Therefore, the correct answer is only 'A'."
Pm_146663,U_14956092,用户的主用户组属性将影响到：,"{'A': '用户创建的文件属性', 'B': '用户对于文件的访问权限', 'C': '用户是否为虚拟用户', 'D': '用户能否被删除'}","[""A"", ""B""]",K_虚拟用户_计算机科学与技术,Linux系统管理,K_虚拟用户_计算机科学与技术,0,"The student's answer was incorrect. The question asked about the effects of a user's main user group attribute. The correct answers are 'A' (用户创建的文件属性) as the primary user group typically affects the ownership group of newly created files, and potentially 'B' (用户对于文件的访问权限) as group membership can influence access permissions. However, without additional context from the student's course materials, the primary focus might have been misunderstood. Options 'C' (用户是否为虚拟用户) and 'D' (用户能否被删除) are unrelated to the effect of a main user group attribute, so answering with 'A' and 'B' was partially correct but might have lacked consideration of possible overreliance on the influence of group attributes on access permissions alone."
Pm_146664,U_14956092,id命令能够查看的用户信息有：,"{'A': '用户的创建时间', 'B': '用户的主用户组', 'C': '用户从属的用户组名', 'D': '用户家目录'}","[""B"", ""C""]",K_用户组_计算机科学与技术,Linux系统管理,K_用户组_计算机科学与技术,0,"The student's answer of selecting options 'B' (用户的主用户组) and 'C' (用户从属的用户组名) is correct. However, they might have misunderstood the context since these reflect the correct capabilities of the 'id' command, which shows a user's primary group (主用户组) and the groups they belong to (从属的用户组名). The answer is marked incorrect possibly due to misunderstanding of what the exercise expected or a mismatch in expected format. 'id' command does not provide information about 'A' (用户的创建时间) or 'D' (用户家目录), verifying that the choices 'B' and 'C' should indeed be correct. Please verify if answer format issues or misunderstanding necessitated the incorrect marking."
Pm_146666,U_14956092,假设目前我们以nboocer用户登录系统，处在nboocer用户的家目录下，现在要切换到root用户，下面描述正确的是：,"{'A': '使用 su root 切换，需要输入root用户密码，切换后处在root用户家目录中。', 'B': '使用 su - root 切换，需要输入root用户密码，切换后处在root用户家目录中', 'C': '使用 su -l root 切换，需要输入root用户密码，切换后处在root用户家目录中', 'D': '使用 su root 切换，需要输入nboocer用户密码，切换后处在nboocer家目录中', 'E': '使用 su - root 切换，需要输入nboocer用户密码，切换后处在root用户家目录中'}","[""B"", ""C""]",K_登录_计算机科学与技术,Linux系统管理,K_登录_计算机科学与技术,1,"The student answered correctly by choosing options 'B' and 'C'. In Linux, to switch to the root user from another user like 'nboocer', using 'su - root' or 'su -l root' is appropriate and requires the root user's password. Both options 'B' and 'C' correctly describe that after the switch, you will be in the root user's home directory, which is a characteristic of using the '-' or '-l' options with the 'su' command as they initiate a login shell."
Pm_146667,U_14956092,关于切换用户命令su，下面描述正确的是：,"{'A': '由根用户切换普通用户时需要输入用户密码', 'B': '由普通用户切换根用户时需要输入用户密码', 'C': '由普通用户之间相互切换时需要输入用户密码', 'D': '由根用户切换为虚拟用户时需要输入用户密码', 'E': '切换用户身份后，对系统的访问权限也随之改变'}","[""B"", ""C"", ""E""]",K_虚拟用户_计算机科学与技术,Linux系统管理,K_虚拟用户_计算机科学与技术,1,"The student correctly identified the true statements about the 'su' command. Option B is correct because when a regular user switches to the root user, they need to enter the root user's password. Option C is correct because switching between regular users requires the target user's password. Option E is correct because switching user identity with 'su' changes the system access permissions accordingly. The student understood these aspects of the 'su' command, which reflects a good grasp of Linux system management concepts related to user switching and permissions."
Pm_146667,U_14956092,关于切换用户命令su，下面描述正确的是：,"{'A': '由根用户切换普通用户时需要输入用户密码', 'B': '由普通用户切换根用户时需要输入用户密码', 'C': '由普通用户之间相互切换时需要输入用户密码', 'D': '由根用户切换为虚拟用户时需要输入用户密码', 'E': '切换用户身份后，对系统的访问权限也随之改变'}","[""B"", ""C"", ""E""]",K_切换用户_计算机科学与技术,Linux系统管理,K_切换用户_计算机科学与技术,1,"The student correctly identified the key aspects of using the 'su' command for switching users. Option B is correct because when a normal user switches to the root user, a password is indeed required for authentication. Option C is correct as well because switching between normal users generally requires password input for the target account. Option E is correct because once a user switch is successful, the access permissions of the new user will apply. Therefore, the student's understanding of the concepts involved in user switching in Linux systems management is accurate."
Pm_146668,U_14956092,关于CentOS中的usermod命令，下面描述正确的是：,"{'A': '用-u选项修改用户的UID时，必须确保这个UID未曾被别人使用', 'B': '用–G来修改用户的从属用户组的时候，如果用户组不存在，Linux会自动创建这个用户组', 'C': '在用户已经登录系统的情况下，无法修改用户的UID', 'D': '在用户已经登录系统的情况下，可以用-l选项修改用户的用户名', 'E': '用-d选项修改用户的家目录时，必须确保要指定的目录已经存在'}","[""A"", ""C"", ""E""]",K_登录_计算机科学与技术,Linux系统管理,K_登录_计算机科学与技术,1,"The student correctly selected options A, C, and E as they reflect accurate information about the 'usermod' command in CentOS. Option A is correct because changing a user's UID with the -u option requires the new UID to be unique. Option C is correct because changing a logged-in user's UID can lead to inconsistencies, so it's generally not allowed. Option E is accurate as well, since the -d option requires the specified home directory to exist to avoid errors. Other options, B and D, contained inaccuracies regarding the automatic creation of user groups and modifying a username while the user is logged in, respectively."
Pm_146668,U_14956092,关于CentOS中的usermod命令，下面描述正确的是：,"{'A': '用-u选项修改用户的UID时，必须确保这个UID未曾被别人使用', 'B': '用–G来修改用户的从属用户组的时候，如果用户组不存在，Linux会自动创建这个用户组', 'C': '在用户已经登录系统的情况下，无法修改用户的UID', 'D': '在用户已经登录系统的情况下，可以用-l选项修改用户的用户名', 'E': '用-d选项修改用户的家目录时，必须确保要指定的目录已经存在'}","[""A"", ""C"", ""E""]",K_用户组_计算机科学与技术,Linux系统管理,K_用户组_计算机科学与技术,1,"The student correctly identified the true statements about the 'usermod' command in CentOS. Option A is correct because changing a user's UID requires ensuring it is not already in use. Option C is correct because the UID cannot be changed while a user is logged in to ensure consistency and avoid system conflicts. Option E is also correct because when modifying the home directory with the -d option, the specified directory must exist; otherwise, you will encounter an error. The student's selections match these correct truths, thus answering correctly."
Pm_146670,U_14956092,关于CentOS中的修改用户组命令groupmod，下面描述正确的是：,"{'A': '随意更改用户组的 GID可能会造成系统混乱', 'B': '带选项–n可以修改用户组名', 'C': '更改用户组名可能会造成系统混乱', 'D': '如果有用户将某用户组作为其主用户组，那么在用户已经登录系统的情况下，无法修改这个用户组名'}","[""A"", ""B""]",K_登录_计算机科学与技术,Linux系统管理,K_登录_计算机科学与技术,0,"The student chose options A and B as correct. Option A is true because changing the GID of a group without proper precautions can indeed lead to system issues, especially if the GID is already in use by another group. Option B is correct as well, as the -n option in the groupmod command is used to change the group name. However, the student missed option D, which is also correct. If a user has their primary group name changed while logged in, it may lead to unexpected behavior because the user's session relies on the current group name. Therefore, not selecting option D makes the overall answer incorrect."
Pm_146671,U_14956092,下面关于Linux系统用户管理的说法，哪些是错误的？,"{'A': '作为掌握根用户口令系统管理员，理论上最好只有一个', 'B': '要执行一个根用户才有权限执行的命令，必须先切换为根用户身份', 'C': '可以通过某种方法分配给普通用户一些合理的根用户“权力”', 'D': '系统中的根用户只能有一个', 'E': '要与其他人共享根用户权限，就需要告诉他根用户密码'}","[""B"", ""E""]",K_系统管理员_计算机科学与技术,Linux系统管理,K_系统管理员_计算机科学与技术,1,The student correctly identified statements B and E as being incorrect. Statement B is incorrect because there are ways like using 'sudo' that allow executing root-level commands without fully switching to the root user. Statement E is incorrect because it's not mandatory to share the root password to share root privileges; tools like 'sudo' can provide necessary access without compromising the root password. The student's understanding of these concepts is accurate as per the Linux system management curriculum.
Pm_146671,U_14956092,下面关于Linux系统用户管理的说法，哪些是错误的？,"{'A': '作为掌握根用户口令系统管理员，理论上最好只有一个', 'B': '要执行一个根用户才有权限执行的命令，必须先切换为根用户身份', 'C': '可以通过某种方法分配给普通用户一些合理的根用户“权力”', 'D': '系统中的根用户只能有一个', 'E': '要与其他人共享根用户权限，就需要告诉他根用户密码'}","[""B"", ""E""]",K_用户权限_计算机科学与技术,Linux系统管理,K_用户权限_计算机科学与技术,1,"The student's answer was correct. In Linux system management, it's not necessary to switch to root user to execute commands with root privileges because 'sudo' can be used to grant specific users the ability to run these commands without knowing the root password, making statement B incorrect. Further, sharing root user privileges by sharing the root password is considered a bad practice; instead, privilege delegation methods should be used, which makes statement E incorrect as well."
Pm_146671,U_14956092,下面关于Linux系统用户管理的说法，哪些是错误的？,"{'A': '作为掌握根用户口令系统管理员，理论上最好只有一个', 'B': '要执行一个根用户才有权限执行的命令，必须先切换为根用户身份', 'C': '可以通过某种方法分配给普通用户一些合理的根用户“权力”', 'D': '系统中的根用户只能有一个', 'E': '要与其他人共享根用户权限，就需要告诉他根用户密码'}","[""B"", ""E""]",K_权力_计算机科学与技术,Linux系统管理,K_权力_计算机科学与技术,1,"The student correctly identified the statements that are incorrect regarding user management in Linux. Statement 'B' is incorrect because you don't always need to switch to the root user to execute commands requiring root privileges; you can use tools like 'sudo'. Statement 'E' is also incorrect because sharing the root user password is not the only way to grant others root privileges; again, 'sudo' can be configured to allow certain users to execute specific commands as root without sharing the root password."
Pm_146674,U_14956092,关于Linux中用的用户配置文件，下面描述正确的是：,"{'A': '/etc/passwd中存放着用户加密后的密码', 'B': '/etc/passwd中存放着用户的主用户组信息', 'C': '如果用户密码为空，/etc/passwd的第二个字段将出现叹号！或者星号 *', 'D': '/etc/shadow 中第三个字段表示的密码最后一次修改时间', 'E': '可以通过修改passwd 和 shadow文件的内容来修改用户属性'}","[""B"", ""D"", ""E""]",K_用户配置文件_计算机科学与技术,Linux系统管理,K_用户配置文件_计算机科学与技术,0,"The student selected options 'B', 'D', and 'E' as correct descriptions about Linux user configuration files. However, the correct answers are as follows: Option 'B' is correct because '/etc/passwd' does store the user's primary group information. Option 'D' is also correct as the third field in '/etc/shadow' indicates the last password change date. Option 'E' is not entirely correct because although you can modify user attributes by editing these files, it's typically recommended to use commands like 'usermod' to prevent errors. However, the student missed the fact conveyed in Option 'C', which is not correct as an untrue description of '/etc/passwd'. The correct part of this response might be missing Option 'A', if it's misunderstood, verifying that passwords aren't stored in 'etc/passwd' anymore due to it being a readable file, but kept in 'etc/shadow'. Thus, attention to the specific descriptions of what each file contains leads to confusion in understanding the correct choice."
Pm_146677,U_14956092,fdisk命令中将分区写入分区表的指令是：,"{'A': 'w', 'B': 's', 'C': 'r', 'D': 'ctrl+s'}","[""A""]",K_分区表_计算机科学与技术,Linux系统管理,K_方波信号_计算机科学与技术-K_数字信息_计算机科学与技术-K_分区表_计算机科学与技术,1,"The problem asks for the command used in 'fdisk' to write the partition to the partition table. The correct answer is 'w', which is option A. The student selected 'w', which is correct. This command saves the changes and exits 'fdisk'."
Pm_146680,U_14956092,将主机的第二块SCSI接口硬盘上的第2个格式化为ext4文件系统的逻辑分区以只读方式挂载到/tmp_disk目录上的命令是:,"{'A': 'mount -t ext4 -o rw /dev/sdb6 /tmp_disk', 'B': 'mount -t ext4 -o ro /dev/sdb2 /tmp_disk', 'C': 'mount -t ext4 -o ro /dev/sdb6 /tmp_disk', 'D': 'mount -t ext4 -o rw /dev/sdb6 /tmp_disk'}","[""C""]",K_逻辑分区_计算机科学与技术,Linux系统管理,K_逻辑分区_计算机科学与技术,1,"The student correctly selected option C. The problem asks for the command to mount the second logical partition, formatted as ext4, on the second SCSI hard drive in read-only mode to the /tmp_disk directory. The correct device file for the second logical partition would typically be /dev/sdb6 (assuming the partitioning scheme recognized different logical partition numbering), and the '-o ro' option specifies read-only mode. Thus, option C 'mount -t ext4 -o ro /dev/sdb6 /tmp_disk' correctly matches the requirements of the problem statement."
Pm_146681,U_14956092,关于Linux中开机自动挂载分区配置文件/etc/fstab，下面描述正确的是:,"{'A': '第一个字段可以填入要开机挂载的设备名', 'B': '第一个字段可以填入要开机挂载的设备标签', 'C': '第一个字段可以填入要开机挂载的设备UUID', 'D': '第一个字段可以填入要开机挂载的设备别名'}","[""A"", ""B"", ""C""]",K_设备名_计算机科学与技术,Linux系统管理,K_设备名_计算机科学与技术,1,"The student answered correctly by selecting options A, B, and C. In the /etc/fstab file for Linux system administration, the first field can indeed contain the device name, device label, or device UUID of the partitions to be auto-mounted at startup. These are valid identifiers for specifying which partitions should be mounted. Option D, 'device alias', is not typically used in this context and was not chosen by the student, thus confirming their understanding of the /etc/fstab configuration."
Pm_146685,U_14956092,关于Linux中挂载分区，下面描述正确的是：,"{'A': '划分并格式化好的分区要挂载到系统目录树中的某个目录上才能被访问', 'B': '分区只能够挂载在空目录上', 'C': '分区的挂载目录被称为挂载点', 'D': '所有类型的分区都能被挂载', 'E': '分区可以被同时挂载在不同的目录上'}","[""A"", ""C"", ""E""]",K_系统目录_计算机科学与技术,Linux系统管理,K_系统目录_计算机科学与技术,0,"The student's answer was incorrect because while options 'A' and 'C' are indeed correct, stating that a partition must be mounted to the system's directory tree to be accessed, and that the directory where it's mounted is called a mount point, option 'E' is incorrect. A partition cannot be mounted simultaneously on different directories. Therefore, including option 'E' led to the incorrect response. Option 'B' is correct in that a partition is generally mounted on an empty directory, but 'E' is the clear mistake in the student's answer."
Pm_146685,U_14956092,关于Linux中挂载分区，下面描述正确的是：,"{'A': '划分并格式化好的分区要挂载到系统目录树中的某个目录上才能被访问', 'B': '分区只能够挂载在空目录上', 'C': '分区的挂载目录被称为挂载点', 'D': '所有类型的分区都能被挂载', 'E': '分区可以被同时挂载在不同的目录上'}","[""A"", ""C"", ""E""]",K_挂载点_计算机科学与技术,Linux系统管理,K_挂载点_计算机科学与技术,0,"The student's answer is incorrect because it incorrectly includes option 'E', which states that a partition can be mounted simultaneously on different directories. This is not true in Linux systems as a partition can only be mounted at one mount point at a time. The correct answers are 'A' and 'C': a formatted partition needs to be mounted onto a system directory to be accessed ('A'), and the directory where a partition is mounted is indeed called a mount point ('C')."
Pm_146686,U_14956092,关于Linux中卸载分区，下面描述正确的是：,"{'A': '可以用设备名来卸载分区', 'B': '如果分区中文件正在被访问，分区不可卸载', 'C': '可以用挂载点来卸载分区', 'D': '如果分区挂载在一个原本有文件存放着的目录上，分区卸载后，这些文件仍旧可访问'}","[""A"", ""B"", ""C"", ""D""]",K_设备名_计算机科学与技术,Linux系统管理,K_设备名_计算机科学与技术,0,"The student selected all options as correct, but this is not accurate. In Linux, when unloading (unmounting) a partition:
1. Option B is correct: A partition cannot be unmounted if files within it are currently being accessed.
2. Option C is correct: A partition can be unmounted using its mount point.
3. Option A is incorrect: Typically, partitions are not unmounted using their device name. They are typically unmounted using their mount point or a tool that handles such names to paths.
4. Option D is incorrect: If a partition is mounted over a directory containing files, unmounting the partition will make the underlying original files visible again, which differs from 'continuing to access the unmounted files'.
Thus, only options B and C are correct, and the student's selection of all options led to the incorrect answer."
Pm_146686,U_14956092,关于Linux中卸载分区，下面描述正确的是：,"{'A': '可以用设备名来卸载分区', 'B': '如果分区中文件正在被访问，分区不可卸载', 'C': '可以用挂载点来卸载分区', 'D': '如果分区挂载在一个原本有文件存放着的目录上，分区卸载后，这些文件仍旧可访问'}","[""A"", ""B"", ""C"", ""D""]",K_挂载点_计算机科学与技术,Linux系统管理,K_挂载点_计算机科学与技术,0,"The student's answer was incorrect because they selected all options (A, B, C, D) as correct, whereas not all statements are true. While it's true that a partition can be unmounted using the mount point (option C), and it cannot be unmounted if files are currently being accessed (option B), the other options contain inaccuracies. Specifically, option A could technically be correct, but it depends on the system configuration and specific commands used. Option D is incorrect because once a partition is unmounted, files from the mounted partition would not be accessible through that directory. The student likely misunderstood the specifics of how unmounting and file accessibility work in Linux systems."
Pm_146687,U_14956092,主机上第三块SCSI接口的硬盘中第一个逻辑分区的设备文件名字是,"{'A': 'sdc1', 'B': 'sda1', 'C': 'sdc4', 'D': 'sda4', 'E': 'sdc5'}","[""E""]",K_逻辑分区_计算机科学与技术,Linux系统管理,K_逻辑分区_计算机科学与技术,1,"The student correctly identified the device file name for the first logical partition on the third SCSI interface hard drive. In Linux, SCSI drives are named 'sda', 'sdb', 'sdc', etc. The primary and extended partitions are numbered 1-4, and logical partitions start from 5. Therefore, the first logical partition on the third SCSI drive would be named 'sdc5'. The student's choice of 'E' corresponds to 'sdc5', which is correct."
Pm_146689,U_14956092,可以用哪个命令测试两台主机之间网络的连通性。,"{'A': 'ping', 'B': 'ifconfig', 'C': 'ipconfig', 'D': 'route'}","[""A""]",K_ipconfig_计算机科学与技术,Linux系统管理,K_ipconfig_计算机科学与技术,1,"The student correctly chose option 'A' (ping) as the answer. The 'ping' command is commonly used to test network connectivity between two hosts by sending ICMP echo requests and waiting for echo replies. The other options, 'B' (ifconfig), 'C' (ipconfig), and 'D' (route), do not serve this specific purpose. Therefore, the student's answer is correct."
Pm_146694,U_14956092,回环接口为系统提供一个单机网络环境，一般用于网络程序的调试。,"{'true': '正确', 'false': '错误'}","[""true""]",K_调试_计算机科学与技术,Linux系统管理,K_调试_计算机科学与技术,1,The student correctly identified that the statement is true. The loopback interface is indeed used to provide a standalone network environment within a system and is commonly used for the debugging of network applications. The explanation aligns with the concept in computer science and technology regarding debugging.
Pm_146697,U_14956092,关于修改主机名，下面那些说法是正确的：,"{'A': '需要修改/etc/sysconfig/network文件', 'B': '需要修改/etc/hosts文件', 'C': '需要修改/etc/sysconfig/network-scripts/ifcfg-eth0文件', 'D': '一般需要重启系统，让修改生效'}","[""A"", ""B"", ""D""]",K_主机名_计算机科学与技术,Linux系统管理,K_主机名_计算机科学与技术,1,"The student's answer is correct. To change the hostname in most Linux systems, it is typically necessary to modify the '/etc/sysconfig/network' file to change the static hostname, and the '/etc/hosts' file to ensure the system can resolve the hostname to the correct IP address. Additionally, it is common practice to restart the system to apply these changes effectively, which is why option D is also correct. Option C, modifying the '/etc/sysconfig/network-scripts/ifcfg-eth0' file, is not typically required for changing the hostname, making the student's exclusion of this option appropriate."
Pm_146699,U_14956092,关于为网络接口配置DHCP，下面那些说法是正确的：,"{'A': 'DHCP很方便，但是更容易发生配置错误', 'B': 'DHCP服务器可以指定接口的IP地址、子网掩码和网关', 'C': '默认情况下，CentOS使用DHCP协议配置接口网络参数', 'D': 'DHCP服务器还可以指定主机名'}","[""B"", ""C"", ""D""]",K_主机名_计算机科学与技术,Linux系统管理,K_主机名_计算机科学与技术,1,"The student correctly selected options that explain DHCP (Dynamic Host Configuration Protocol) functionality. Option B is correct because a DHCP server can assign an IP address, subnet mask, and gateway to a network interface. Option C is correct because CentOS, by default, can use DHCP to configure network settings. Option D is correct because a DHCP server can also provide a hostname to the client. The student did not select option A, which is not a generally agreed statement, as DHCP is generally considered to reduce configuration errors by automating IP address assignment. Thus, the student's answer is correct."
Pm_146703,U_14956092,关于Linux中的软件管理，下面那些选项是正确的？,"{'A': '在某个Linux发行版下开发和编译的程序，直接放到另外一个Linux发行版下有可能性无法运行', 'B': '早期的Linux的软件都是通过源码来分发', 'C': 'RPM是所有Linux发现版本上的通用的软件包管理器', 'D': 'RPM是Linux下软件资源最丰富的软件包类型'}","[""A"", ""B"", ""D""]",K_软件资源_计算机科学与技术,Linux系统管理,K_软件资源_计算机科学与技术,0,"The student's answer was incorrect because option C is incorrect. While RPM is a common package manager used in various Linux distributions like Red Hat and Fedora, it is not universal across all Linux distributions, which could also use other package managers like APT for Debian-based systems. Options A and B are correct: A indicates the potential for incompatibility between compiled programs across different distributions, and B reflects the early practice of distributing software source code for Linux. Option D, while partially true about the popularity of RPM packages, is not exclusively true or definitive. The student incorrectly included D in their answer while excluding the universally incorrect C, leading to an incorrect combination of answers."
Pm_146703,U_14956092,关于Linux中的软件管理，下面那些选项是正确的？,"{'A': '在某个Linux发行版下开发和编译的程序，直接放到另外一个Linux发行版下有可能性无法运行', 'B': '早期的Linux的软件都是通过源码来分发', 'C': 'RPM是所有Linux发现版本上的通用的软件包管理器', 'D': 'RPM是Linux下软件资源最丰富的软件包类型'}","[""A"", ""B"", ""D""]",K_软件管理_计算机科学与技术,Linux系统管理,K_软件管理_计算机科学与技术,0,"The student's answer contains a mistake. They correctly identified options A and B as true. However, option D is incorrect because RPM is not the most resource-rich package type; different distributions have different package managers like DEB for Debian-based systems. Option C is also incorrect, as RPM is not universal across all Linux distributions; it is specific to Red Hat-based systems. The correct answers should have been A and B only."
Pm_146704,U_14956092,关于用rpm卸载软件，下面哪些说法是正确的：,"{'A': '使用-r选项', 'B': '使用-e选项', 'C': '卸载软件需要知道软件安装后包括版本号在内的全名', 'D': '卸载软件只需要知道软件名即可', 'E': '卸载一个软件可能会导致系统中别的软件无法使用'}","[""B"", ""C"", ""E""]",K_全名_计算机科学与技术,Linux系统管理,K_全名_计算机科学与技术,0,"The student incorrectly answered the question about how to use rpm to uninstall software. The correct options related to uninstalling software with rpm are B and C. Option B is correct because the '-e' option is used in rpm to erase (uninstall) a package. Option C is also correct as it is necessary to know the full name of the software, including the version, when uninstalling with rpm. Option E is also correct because uninstalling a software package with rpm can result in dependencies becoming unusable, affecting other software. Therefore, the correct answer should only include B, C, and E. Since these options are missing in the provided answer set, the answer is marked incorrect."
Pm_146705,U_14956092,下面关于yum的说法那些是错误的？,"{'A': 'yum目的就是为了解决RPM管理软件包时的依赖关系难题', 'B': 'yum是一种区别于RPM软件封装模式', 'C': 'yum是红帽系列Linux中的默认软件管理器', 'D': 'yum客户端在安装软件时无需了解该软件包的依赖关系信息'}","[""B"", ""C""]",K_软件管理器_计算机科学与技术,Linux系统管理,K_软件管理器_计算机科学与技术,1,"The student correctly identified the incorrect statements about yum. Option B is incorrect because yum is not a packaging format but a tool for managing software installations and dependencies, using RPM packages. Option C is also incorrect because while yum is commonly used in Red Hat-based systems, it is not the default package manager in all distros—some systems may use other tools like dnf or even apt in non-Red Hat-based systems. Options A and D are true: yum indeed helps manage dependencies of RPM packages and abstracts dependency resolution, so the user does not need to handle them manually."
Pm_146588,U_15840481,当您在命令提示符的后面输入命令的一部分时，按（__）键，Linux会帮你打剩下的字符，补充成为完整命令，如果有多个相符的命令，连按两下（__）键，Linux会显示所有的相符的命令。,"{'A': 'TAB', 'B': 'CONTRL', 'C': 'SHIFT', 'D': 'SPACE'}","[""A""]",K_命令提示符_计算机科学与技术,Linux系统管理,K_命令提示符_计算机科学与技术,1,"The student answered correctly. In Linux, when you type part of a command and press the 'TAB' key, it autocompletes the rest of the command if possible. If there are multiple possible completions, pressing the 'TAB' key twice will display all possible options. Thus, the answer 'A' for 'TAB' is correct for this problem."
Pm_146589,U_15840481,下面的选项哪些是正确的？,"{'A': 'Linux操作系统是由Linus Torvalds发明的', 'B': 'Linux操作系统是由Richard Stallman发明的', 'C': 'Linus Torvalds和Richard Stallman的工作共同造就了Linux', 'D': '自由软件运动和互联网的兴起造就了Linux操作系统'}","[""C"", ""D""]",K_自由软件_计算机科学与技术,Linux系统管理,K_自由软件_计算机科学与技术,0,"The student selected options C and D as the correct answers. Option C is partially correct because Linus Torvalds initiated the Linux kernel development, and Richard Stallman and his GNU Project played a significant role by providing the GNU components used in Linux. However, option D is incorrectly chosen as it is not precisely the collaboration but more specifically the GNU Project and Linus Torvalds's creation of the Linux kernel that were crucial. The correct answers should include option A, as Linus Torvalds is indeed the primary developer of the Linux kernel. Therefore, the student's selection did not fully reflect the historical facts regarding the development of Linux, leading to the incorrect answer."
Pm_146591,U_15840481,"关于CentOS,下面哪些说法是正确的？","{'A': 'CentOS100%兼容红帽企业版(RHEL)', 'B': 'CentOS不提供专门技术支持，不包含封闭源代码软件', 'C': 'CentOS 64位版本可以安装在32位架构的机器上', 'D': 'CentOS是利用用红帽企业版(RHEL)源代码重新编译而成的'}","[""A"", ""B"", ""D""]",K_闭源_计算机科学与技术,Linux系统管理,K_闭源_计算机科学与技术,0,"The student answered with options A, B, and D. Options A, B, and D are correct, as CentOS is indeed 100% compatible with RHEL (A), does not provide special technical support and excludes proprietary software (B), and is recompiled from RHEL's source code (D). However, the answer is incorrect because the student included an option that seems correct but potentially tricked them into selecting the wrong combination or thought. The incorrect part may involve misunderstanding option C, which is not chosen but might mislead the student about architecture compatibility, as CentOS 64-bit cannot be installed on a 32-bit machine. Therefore, the given answer misses recognizing the boundary on architecture compatibility stated in option C, even though it wasn't selected."
Pm_146592,U_15840481,安装Linux所要的两个最基本的分区分别是以（ ）和（ ）。,"{'A': '/boot分区', 'B': '/home分区', 'C': '根分区', 'D': 'Swap分区'}","[""C"", ""D""]",K_Swap分区_计算机科学与技术,Linux系统管理,K_Swap分区_计算机科学与技术,1,"The student correctly answered the question about the two most basic partitions required for installing Linux. These partitions are the root partition ('C', 根分区) which is necessary to store the operating system files, and the Swap partition ('D', Swap分区) which is used for extending the system's RAM. By selecting 'C' and 'D', the student demonstrated an understanding of Linux system requirements."
Pm_146593,U_15840481,在Linux中，打开BASH后的命令提示符，能够告诉你有关主机的哪些信息？,"{'A': '登录的主机名', 'B': '登录的用户名', 'C': '用户当前所处的工作目录', 'D': '用户上次登录时间'}","[""A"", ""B"", ""C""]",K_主机名_计算机科学与技术,Linux系统管理,K_主机名_计算机科学与技术,1,"The student correctly identified that opening a BASH terminal on a Linux system will typically display the hostname of the logged-in host (Option A), the username of the logged-in user (Option B), and the current working directory of the user (Option C). The option for displaying the user's last login time (Option D) is incorrect, as this information is not typically shown in the BASH command prompt by default. Therefore, the student correctly selected the right set of answers."
Pm_146593,U_15840481,在Linux中，打开BASH后的命令提示符，能够告诉你有关主机的哪些信息？,"{'A': '登录的主机名', 'B': '登录的用户名', 'C': '用户当前所处的工作目录', 'D': '用户上次登录时间'}","[""A"", ""B"", ""C""]",K_命令提示符_计算机科学与技术,Linux系统管理,K_命令提示符_计算机科学与技术,1,"The student's answer was correct. The BASH shell prompt in Linux typically includes information such as the hostname of the machine (option A), the username of the logged-in user (option B), and the current working directory of the user (option C). The user's last login time (option D) is not typically part of the BASH prompt; therefore, the correct selections were made."
Pm_146597,U_15840481,下面关于关机和重启的说法，哪些是正确的？,"{'A': '关机是系统管理员要给予充分重视的一件大事.', 'B': 'shutdown -k now 命令用于立即关机', 'C': '不恰当或者不正确的关机和重启，可能会导致数据丢失', 'D': '关机和重启命令默认情况下普通用户亦可执行'}","[""A"", ""C""]",K_系统管理员_计算机科学与技术,Linux系统管理,K_系统管理员_计算机科学与技术,1,"The student correctly identified statements A and C as true. Statement A is true because shutting down is indeed a critical operation that requires attention from a system administrator. Statement C is correct because improper shutdowns and reboots can result in data loss. Statement B is incorrect because the 'shutdown -k now' command is used to warn users without actually shutting down, and Statement D is false since shutdown and reboot commands typically require administrative privileges."
Pm_146598,U_15840481,Linux中所谓的命令(Command)，广义上包括：,"{'A': '可执行的二进制文件', 'B': '可执行的库文件', 'C': 'shell脚本文件', 'D': 'shell内建函数'}","[""A"", ""C"", ""D""]",K_Shell脚本_计算机科学与技术,Linux系统管理,K_Shell脚本_计算机科学与技术,0,"The student's answer included 'A', 'C', and 'D', which are correct selections that cover executable binary files, shell script files, and shell built-in functions as part of the concept of commands in Linux. However, the student missed option 'B', which is '可执行的库文件' (executable library files), and this option is also considered part of Linux commands in the broader sense. Therefore, the answer was marked incorrect due to the omission of option 'B'."
Pm_738102,U_20319134,为保证从分布式存储系统中读取的数据正确，需要采用哪种数据处理方式（  ）,"{'A': '压缩', 'B': '多份存储', 'C': 'Erasure coding编码', 'D': 'Checksum数据校验'}","[""D""]",K_分布式存储系统_计算机科学与技术,大数据平台核心技术,K_分布式存储系统_计算机科学与技术,0,"The student's answer was incorrect because they selected option 'D' (Checksum数据校验), which is not the primary method to ensure data correctness when reading from a distributed storage system. While checksums are used to detect errors in data, the correct answer is typically an option that enhances data reliability, such as 'B' (Multi-version storage or replication across nodes). This method ensures that even if one copy of the data is corrupted, other copies remain correct, providing data consistency and reliability."
Pm_738104,U_20319134,对于数据复制中的两种技术Replication和Rebalance的异同点描述不正确的是（  ）,"{'A': 'Repication的主要目的是为了保证数据可靠，防止数据丢失', 'B': 'Rebalance的主要目的是为了清理系统中的多余数据，提高空间利用率', 'C': 'Replication和Rebalance都需要考虑到数据在数据中心中的存放位置，提高由于硬件失效带来的数据不可用', 'D': 'Replication和Rebalance需要有优先级控制，防止数据复制不及时造成数据丢失'}","[""B""]",K_级控_计算机科学与技术,大数据平台核心技术,K_级控_计算机科学与技术,0,"The student's answer, option 'B', was incorrect. The correct answer likely revolves around the misunderstanding regarding the purpose of 'Rebalance'. Although 'Rebalance' can optimize space utilization, its primary goal is to maintain efficient data distribution and system performance rather than merely 'cleaning' data. 'Replication', on the other hand, is primarily focused on data reliability and prevention of data loss. In option 'B', the description of Rebalance's main purpose is oversimplified or incorrect. Additionally, while both 'Replication' and 'Rebalance' involve considerations of data placement to handle hardware failures, they do not merely 'clean' data as inaccurately suggested in option 'B'. Options A, C, and D provide accurate descriptions relevant to their respective processes. The student's choice indicates a misunderstanding of 'Rebalance's primary objectives."
Pm_738104,U_20319134,对于数据复制中的两种技术Replication和Rebalance的异同点描述不正确的是（  ）,"{'A': 'Repication的主要目的是为了保证数据可靠，防止数据丢失', 'B': 'Rebalance的主要目的是为了清理系统中的多余数据，提高空间利用率', 'C': 'Replication和Rebalance都需要考虑到数据在数据中心中的存放位置，提高由于硬件失效带来的数据不可用', 'D': 'Replication和Rebalance需要有优先级控制，防止数据复制不及时造成数据丢失'}","[""B""]",K_数据复制_计算机科学与技术,大数据平台核心技术,K_数据复制_计算机科学与技术,0,"The question asks for the incorrect description regarding the differences between Replication and Rebalance in data duplication. Option B is chosen and is incorrect because the primary purpose of Rebalance is not to clean up redundant data or improve space utilization; rather, its purpose is to distribute data evenly across nodes to ensure balanced workload and optimal performance. Therefore, your selection of Option B was correct in identifying it as the wrong description, but the 'is_correct' flag indicates the answer was marked incorrect perhaps due to a misunderstanding or misinterpretation, hence further review of the grading criteria or the question context is advisable."
Pm_738107,U_20319134,下面对于分布式存储系统中如何选取存储介质的描述错误的是（  ）,"{'A': '为了让程序实现简单高效，存储系统中应该选用单一的存储介质', 'B': '为了节省存储成本，通常在一个分布式存储系统中会使用多种存储介质来实现高性能和大容量的目的', 'C': '不同的使用场景下，应该采用灵活的混合存储方式来满足需求', 'D': '所有存储介质的存储寿命都是一样的，所以寿命不在选取介质类型的考虑范围内'}","[""A"", ""D""]",K_存储介质_计算机科学与技术,大数据平台核心技术,K_存储介质_计算机科学与技术,0,"The student answered with options A and D, indicating that they thought both statements were incorrect. However, the correct incorrect statement should have been recognized was likely only D. The use of a single storage medium for simplicity and efficiency (option A) may not be a misstatement, as it suggests a straightforward, if limited, approach that avoids complexity. But, for option D, stating that all storage mediums have the same lifespan is incorrect, as different mediums have varying lifespans, making this option the erroneous description in the context of selecting storage media for distributed systems. Therefore, the student's selection of both A and D as incorrect led to an incorrect answer."
Pm_738107,U_20319134,下面对于分布式存储系统中如何选取存储介质的描述错误的是（  ）,"{'A': '为了让程序实现简单高效，存储系统中应该选用单一的存储介质', 'B': '为了节省存储成本，通常在一个分布式存储系统中会使用多种存储介质来实现高性能和大容量的目的', 'C': '不同的使用场景下，应该采用灵活的混合存储方式来满足需求', 'D': '所有存储介质的存储寿命都是一样的，所以寿命不在选取介质类型的考虑范围内'}","[""A"", ""D""]",K_分布式存储系统_计算机科学与技术,大数据平台核心技术,K_分布式存储系统_计算机科学与技术,0,"The student was incorrect because they selected both 'A' and 'D' as erroneous statements, but only 'D' is incorrect. In distributed storage systems, it is incorrect to claim that all storage media have the same lifespan ('D'), as different media have different durability characteristics. Statement 'A' is also incorrect as it rules out the benefits of using multiple types of storage media. However, in the context of the question where only one option has to be chosen as the incorrect one, the most explicitly incorrect option is 'D'. Thus, selecting both 'A' and 'D' led to an incorrect answer."
Pm_738109,U_20319134,下面对分布式调度需要解决问题的说法正确的是？(  ),"{'A': '分布式调度主要解决任务调度的问题', 'B': '分布式调度主要解决资源如何分配的问题', 'C': '分布式调度既要解决任务调度也需要解决资源调度的问题', 'D': '以上说法都不对'}","[""C""]",K_任务调度_计算机科学与技术,大数据平台核心技术,K_任务调度_计算机科学与技术,0,"The student selected option 'C', which states that distributed scheduling needs to solve both task scheduling and resource scheduling issues. However, their answer was marked incorrect. This suggests that the correct answer should focus solely on one of these aspects, or possibly that none of the options correctly describe distributed scheduling's goals. Therefore, the student may have misunderstood the primary objective of distributed scheduling in the context of the course material."
Pm_738110,U_20319134,伏羲分布式调度系统中负责资源调度的角色是？(  ),"{'A': 'FuxiMaster', 'B': 'Tubo', 'C': 'AppMaster', 'D': 'AppWorker'}","[""A""]",K_资源调度_计算机科学与技术,大数据平台核心技术,K_资源调度_计算机科学与技术,1,"The student correctly identified 'FuxiMaster' as the component responsible for resource scheduling in the Fuxi distributed scheduling system. This indicates a good understanding of the roles and functions within this technical system, as 'FuxiMaster' is indeed responsible for resource management in the context of the problem."
Pm_738114,U_20319134,下列关于伏羲资源调度优先级策略的说法错误的是？(  ),"{'A': '每个job在提交时会带一个priority值，一个整数值，越大优先级越高', 'B': '相同优先级按提交时间，先提交的优先级高', 'C': '资源优先分配给高优先级的job，剩余的资源继续分配给次高优先级job', 'D': '允许有高优先级的紧急任务加入'}","[""A""]",K_高优先级_计算机科学与技术,大数据平台核心技术,K_高优先级_计算机科学与技术,0,"The student selected option 'A' as the incorrect statement about priority scheduling in the Fuxi resource scheduler but was marked incorrect. This implies that option 'A' is actually a correct statement. It describes that each job has a priority value assigned at submission, and higher priority values mean higher priority, which is a common characteristic of priority scheduling strategies. Therefore, a different option must be the incorrect statement, potentially due to a misunderstanding of how the priority system functions or misinterpretation of the options."
Pm_738115,U_20319134,伏羲资源调度支持抢占，下面说法错误的是？(  ),"{'A': 'FuxiMaster会从当前正在运行的任务中，从最低优先级任务开始强制收回资源', 'B': '最低优先级任务被抢占后，抢占过程即终止', 'C': '抢占会一直递归进行', 'D': '不能抢比自己优先级高的任务'}","[""B""]",K_资源调度_计算机科学与技术,大数据平台核心技术,K_资源调度_计算机科学与技术,0,"The student selected option B, which states that '最低优先级任务被抢占后，抢占过程即终止' (The preemption process stops once the lowest priority task is preempted). However, this option is identified as incorrect under the provided problem statement. The concept here revolves around resource scheduling in a preemptive system. In such systems, resource preemption can persist beyond the lowest priority task if additional resources are required, often suggesting that preemption actions can continue recursively until resource demands are adequately met. Therefore, the correct interpretation should understand that preemption might continue beyond just removing the lowest priority task, potentially moving on to preempt other tasks as needed. The student's mistake lies in misunderstanding this aspect of how recursive preemption functions in resource scheduling systems."
Pm_738116,U_20319134,阿里云伏羲分布式调度系统与社区Hadoop MR最大的区别是？(  ),"{'A': 'Hadoop是一层架构集中资源和任务调度，而伏羲是两层架构独立的资源和任务调度', 'B': 'Hadoop存在规模瓶颈，而伏羲规模横向扩展性更好', 'C': 'Hadoop与伏羲的调度策略不同', 'D': 'Hadoop jobtracker没有failover，伏羲有完善的failover功能'}","[""A"", ""B"", ""D""]",K_调度策略_计算机科学与技术,大数据平台核心技术,K_计算复杂度_计算机科学与技术-K_程序指令_计算机科学与技术-K_段表_计算机科学与技术-K_中断机制_计算机科学与技术-K_用户进程_计算机科学与技术-K_调度策略_计算机科学与技术,0,"The student answered incorrectly because they selected options A, B, and D, while the correct answer should have focused on option A, which highlights the primary architectural difference: Hadoop uses a single-layer architecture for centralized resource and task scheduling, whereas Fuxi employs a two-layer architecture for independent resource and task scheduling. Options B and D describe additional differences but are not the 'biggest difference'. Hence, choice A most directly answers the question."
Pm_738116,U_20319134,阿里云伏羲分布式调度系统与社区Hadoop MR最大的区别是？(  ),"{'A': 'Hadoop是一层架构集中资源和任务调度，而伏羲是两层架构独立的资源和任务调度', 'B': 'Hadoop存在规模瓶颈，而伏羲规模横向扩展性更好', 'C': 'Hadoop与伏羲的调度策略不同', 'D': 'Hadoop jobtracker没有failover，伏羲有完善的failover功能'}","[""A"", ""B"", ""D""]",K_阿里云_计算机科学与技术,大数据平台核心技术,K_阿里云_计算机科学与技术,0,"The student's answer of selecting options ""A"", ""B"", and ""D"" is incorrect because the main difference being tested here focuses on a distinctive feature. The correct answer highlights that the architecture difference is the primary distinction, which is captured by option ""A"". The student incorrectly attempted to select multiple answers, likely misunderstanding the question's requirement for the most significant difference. They need to focus on the key architectural difference where Hadoop has a resource and task scheduling architecture, while Fuxi has separate, independent layers for resource and task scheduling, as described in option ""A""."
Pm_738117,U_20319134,伏羲资源调度的目标包括？(  ),"{'A': '集群资源利用率最大化', 'B': '每个任务的资源等待时间最小化', 'C': '能分组控制资源配额', 'D': '能支持临时紧急任务'}","[""A"", ""B"", ""C"", ""D""]",K_资源调度_计算机科学与技术,大数据平台核心技术,K_资源调度_计算机科学与技术,0,"The student's answer includes all options (A, B, C, and D) as correct, which indicates a misunderstanding of the question. The exercise likely had specific goals for '伏羲资源调度' that not all provided options covered. To correct this, the student should revisit the course material on resource scheduling within the context of big data platforms to identify the specific objectives associated with '伏羲资源调度'."
Pm_738117,U_20319134,伏羲资源调度的目标包括？(  ),"{'A': '集群资源利用率最大化', 'B': '每个任务的资源等待时间最小化', 'C': '能分组控制资源配额', 'D': '能支持临时紧急任务'}","[""A"", ""B"", ""C"", ""D""]",K_集群_计算机科学与技术,大数据平台核心技术,K_集群_计算机科学与技术,0,"The student's answer included all the options (A, B, C, D), but the question likely required them to identify only specific goals related to resource scheduling in Fuxi. Options that are typically core goals in such contexts include maximizing resource utilization and minimizing resource wait time (A and B). Options C and D, while possibly important, may not be categorized as primary goals for resource scheduling specifically. It's important to distinguish between primary objectives and additional capabilities."
Pm_738120,U_20319134,伏羲在支持大规模方面采用了哪些技术？(  ),"{'A': '多线程', 'B': '增量资源调度', 'C': '异步', 'D': '增加数据量'}","[""A"", ""B"", ""C""]",K_加数_计算机科学与技术,大数据平台核心技术,K_加数_计算机科学与技术,0,"The student's answer included options 'A', 'B', and 'C' as techniques used by 伏羲 to support large-scale operations, but the response was marked incorrect. This could be because one or more of these selected options do not actually apply to 伏羲, or because the student missed selecting option 'D', depending on the correct answer criteria. Often, techniques like '多线程' (multithreading), '增量资源调度' (incremental resource scheduling), and '异步' (asynchronous) can legitimately contribute to large-scale support, so the key misunderstanding might involve option 'D' and whether it should have been included or if any of the chosen options are incorrect within the context of 伏羲's technical methodologies."
Pm_738123,U_20319134,下面哪个阶段在BSP模型中可以独立并发执行的？（  ）,"{'A': '数据分片阶段', 'B': '本地计算阶段', 'C': '全局通信阶段', 'D': '栅栏同步阶段'}","[""B""]",K_BSP模型_计算机科学与技术,大数据平台核心技术,K_BSP模型_计算机科学与技术,0,"The student chose 'B: 本地计算阶段' which is correct regarding its independent and concurrent execution in BSP (Bulk Synchronous Parallel) models. However, the student's answer is marked as incorrect. It is possible that the question might have required additional options to be selected or the correct option might have been listed differently in the answer key. Typically, 'local computation phase' is correct as this phase allows for independent and parallel execution across different processors. Such mistakes could be due to a misunderstanding of the question requirements or a discrepancy in the expected response format."
Pm_738124,U_20319134,下面哪些是BSP模型的缺点？（  ）,"{'A': '栅栏同步开销比较大', 'B': '可能产生死锁', 'C': '没有解决负载均衡问题', 'D': '被计算的数据可以保存在内存里'}","[""A""]",K_BSP模型_计算机科学与技术,大数据平台核心技术,K_BSP模型_计算机科学与技术,1,"The student correctly identified '栅栏同步开销比较大' (barrier synchronization overhead is quite large) as a drawback of the BSP (Bulk Synchronous Parallel) model. This model often involves significant synchronization overhead due to the barriers after each superstep, which can be a bottleneck in performance. The option indicates a well-known limitation of the BSP model, which aligns with the concepts taught in the course '大数据平台核心技术'. The other options are not standard drawbacks of the BSP model, which may explain why the student chose only 'A' correctly."
Pm_738126,U_20319134,下面哪些是函数式编程语言有特点？（  ）,"{'A': '每个函数都有输出', 'B': '函数可以改变外部变量的状态', 'C': '函数的输出结果不依赖于外部变量', 'D': '函数的输入参数可能是另外一个函数'}","[""A"", ""C"", ""D""]",K_外部变量_计算机科学与技术,大数据平台核心技术,K_外部变量_计算机科学与技术,0,"The student selected options 'A', 'C', and 'D', identifying features of functional programming languages. While these options describe common characteristics of functional programming, the student mistakenly included 'A' - '每个函数都有输出' (Every function has an output), which is not strictly a feature distinguishing functional programming languages, as non-functional languages can also have functions that provide outputs. The main characteristics of functional programming relevant here are 'C' - '函数的输出结果不依赖于外部变量' (A function's output does not depend on external variables), highlighting the concept of pure functions, and 'D' - '函数的输入参数可能是另外一个函数' (A function can take another function as an input parameter), which reflects higher-order functions. The student possibly misinterpreted the necessity of every function having an output as a distinctive trait of functional programming, leading to an incorrect answer."
Pm_738126,U_20319134,下面哪些是函数式编程语言有特点？（  ）,"{'A': '每个函数都有输出', 'B': '函数可以改变外部变量的状态', 'C': '函数的输出结果不依赖于外部变量', 'D': '函数的输入参数可能是另外一个函数'}","[""A"", ""C"", ""D""]",K_函数式编程_计算机科学与技术,大数据平台核心技术,K_函数式编程_计算机科学与技术,0,"The student identified options A, C, and D as characteristics of functional programming languages, which was incorrect. Although options A, C, and D describe features generally associated with functional programming — such as every function having an output (A), referential transparency meaning output doesn't depend on external variables (C), and higher-order functions where functions can be parameters (D) — the student mistakenly included A. True functional programming emphasizes immutability and pure functions, where functions do not change external state, which makes option B incorrect. Therefore, the correct selections should have been options C and D, and not A."
Pm_738136,U_20319134,分布式计算过程中，以下哪种计算调度方式代价更小？(  ),"{'A': '将计算发送到数据所在机器运行', 'B': '将数据拷贝到计算所在机器运行', 'C': '将数据和计算拿到统一的节点上运行', 'D': '以上都不对'}","[""A""]",K_调度方式_计算机科学与技术,大数据平台核心技术,K_调度方式_计算机科学与技术,1,"The student's answer is correct. In distributed computing, the most efficient scheduling approach is to send the computation to the machine where the data is located (option A). This minimizes the data transfer costs compared to other options, as moving the computation is generally less costly than transferring large datasets between nodes."
Pm_738136,U_20319134,分布式计算过程中，以下哪种计算调度方式代价更小？(  ),"{'A': '将计算发送到数据所在机器运行', 'B': '将数据拷贝到计算所在机器运行', 'C': '将数据和计算拿到统一的节点上运行', 'D': '以上都不对'}","[""A""]",K_机器运行_计算机科学与技术,大数据平台核心技术,K_机器运行_计算机科学与技术,1,"The student answered the question correctly by choosing option A: '将计算发送到数据所在机器运行'. In distributed computing, it is generally more efficient to move the computation to where the data is located rather than moving data to the computation. This reduces the overhead and network bandwidth consumption associated with transferring large datasets, making it the cheaper option."
Pm_738139,U_20319134,下面对流式描述正确的是（  ）,"{'A': '它是一种有状态计算，failover必须将数据从最源头重发。', 'B': '数据必须是有序进入，才能保证数据的正确性。', 'C': 'temporal SQL是适合流式计算的SQL语言。', 'D': '流式计算无法支持delete和update语义。'}","[""C""]",K_对流_计算机科学与技术,大数据平台核心技术,K_对流_计算机科学与技术,0,"The student selected option 'C' ('temporal SQL是适合流式计算的SQL语言。') as the answer. However, this answer is incorrect. The question asks for a correct statement about stream processing. The correct statement could vary based on specific stream processing requirements, but generally, temporal SQL can indeed be used for stream processing and might seem correct. However, the problem may require recognizing that temporal SQL's suitability depends on the context, or other provided options might have been more accurately correct based on the usual properties of stream processing. Additionally, statements A, B, and D could address aspects like stateful computation, data ordering, and semantics which are crucial in distinguishing characteristics of stream processing frameworks, which the student might have overlooked. The provided explanation was initially missing, making it unclear which specific characteristic was tested, but this attempt indicates a possible misunderstanding of the end goal of the question relative to the expected properties or challenges within streaming computation."
Pm_738141,U_20319134,下面对系统雪崩准确的描述有（  ）,"{'A': '系统雪崩是由于oom，引起系统级联的宕机现象。', 'B': '系统雪崩是由于系统设计问题，由软硬件以及流量异常引发的由细微问题引发更大面积故障，直至系统当机的现象。', 'C': '系统雪崩一般不会因为硬件引发。而是由于流量激增，系统容量设计不足，造成后台系统，包括数据库系统的不正常工作。', 'D': '系统雪崩最初原因与触发宕机的故障可以相关，也有可能无关。'}","[""B"", ""D""]",K_宕机_计算机科学与技术,大数据平台核心技术,K_宕机_计算机科学与技术,0,"The student's answer of selecting options 'B' and 'D' is correct as both provide accurate descriptions of a system avalanche. Option 'B' explains it is due to system design issues and can lead to larger system failures, while option 'D' suggests that the initial trigger of the failure may or may not be related to the eventual system crash. However, the answer was marked as incorrect, possibly due to a technical error in evaluation or misunderstanding of the grading criteria, as these options seem to correctly describe the phenomenon according to common system failure explanations. It's advisable to review the grading criteria or cross-check if any additional default or system error impacted the result."
Pm_738142,U_20319134,对于spark streaming不正确的描述有（  ）,"{'A': 'spark streaming的ack机制由一组分布式的系统维护，所以它是scale-out的。', 'B': 'spark streaming使用mini-batch的机制，dstream由多个rdd组成。', 'C': 'spark streaming支持滑动窗口，固定窗口和session窗口。', 'D': 'spark streaming是将流式计算切割成批量计算。但同时，批量计算也可以当作流式计算运行。'}","[""A"", ""C""]",K_系统维护_计算机科学与技术,大数据平台核心技术,K_系统维护_计算机科学与技术,0,"The student incorrectly identified options 'A' and 'C' as the incorrect descriptions of Spark Streaming. Option 'A' is indeed incorrect as Spark Streaming's acknowledgement mechanism is not scale-out as described and is more about task tracking and processing guarantees rather than distribution. However, Option 'C' is not an incorrect description; Spark Streaming does support sliding, fixed, and session windows, making it correct. Therefore, the student should have included only 'A' as the incorrect option. Understanding the window support feature in Spark Streaming would help in answering similar questions correctly."
Pm_738142,U_20319134,对于spark streaming不正确的描述有（  ）,"{'A': 'spark streaming的ack机制由一组分布式的系统维护，所以它是scale-out的。', 'B': 'spark streaming使用mini-batch的机制，dstream由多个rdd组成。', 'C': 'spark streaming支持滑动窗口，固定窗口和session窗口。', 'D': 'spark streaming是将流式计算切割成批量计算。但同时，批量计算也可以当作流式计算运行。'}","[""A"", ""C""]",K_滑动窗口_计算机科学与技术,大数据平台核心技术,K_滑动窗口_计算机科学与技术,0,"The student's answer is incorrect because they selected both 'A' and 'C' as incorrect descriptions of Spark Streaming. However, option 'A' ('spark streaming的ack机制由一组分布式的系统维护，所以它是scale-out的。') is a correct statement, as Spark Streaming does indeed utilize a distributed system for acknowledgment, allowing it to scale out. On the other hand, option 'C' ('spark streaming支持滑动窗口，固定窗口和session窗口。') is also correct, as Spark Streaming does support sliding windows, fixed windows, and session windows. The correct answer should have identified a genuinely incorrect description of Spark Streaming from the given options."
Pm_738147,U_20319134,逻辑回归属于下列那一类机器学习算法：（  ）,"{'A': 'Supervised Learning 监督学习', 'B': 'Unsupervised Learning无监督学习', 'C': 'Reinforcement Learning 加强学习', 'D': '以上都不是'}","[""A""]",K_监督学习_计算机科学与技术,大数据平台核心技术,K_监督学习_计算机科学与技术,1,The student answered correctly by choosing 'A: Supervised Learning 监督学习'. Logistic regression is indeed a type of supervised learning algorithm because it requires labeled input data to learn a function that maps inputs to outputs.
Pm_738152,U_20319134,CAP理论是分布式系统设计领域著名的理论总结，认为CAP三者同时只能满足其二，其中CAP指的是：（ ）,"{'A': '一致性、可用性、分区容忍性', 'B': '原子性、隔离性、持久性', 'C': '易用性、可用性、一致性', 'D': '随机处理、批处理、流式处理'}","[""A""]",K_CAP理论_计算机科学与技术,大数据平台核心技术,K_CAP理论_计算机科学与技术,1,"The student correctly identified option 'A' as the elements of the CAP theorem, which states that in a distributed data store, it is impossible to simultaneously achieve Consistency, Availability, and Partition Tolerance. Therefore, one must choose two out of these three properties. The other options refer to different concepts unrelated to the CAP theorem."
Pm_738152,U_20319134,CAP理论是分布式系统设计领域著名的理论总结，认为CAP三者同时只能满足其二，其中CAP指的是：（ ）,"{'A': '一致性、可用性、分区容忍性', 'B': '原子性、隔离性、持久性', 'C': '易用性、可用性、一致性', 'D': '随机处理、批处理、流式处理'}","[""A""]",K_随机处理_计算机科学与技术,大数据平台核心技术,K_随机处理_计算机科学与技术,1,"The student correctly identified '一致性、可用性、分区容忍性' as the components of the CAP theorem. The CAP theorem states that a distributed system can simultaneously provide only two out of the three properties: Consistency, Availability, and Partition Tolerance, which matches the student's choice of option 'A'. This shows a correct understanding of the CAP theory in distributed systems."
Pm_738152,U_20319134,CAP理论是分布式系统设计领域著名的理论总结，认为CAP三者同时只能满足其二，其中CAP指的是：（ ）,"{'A': '一致性、可用性、分区容忍性', 'B': '原子性、隔离性、持久性', 'C': '易用性、可用性、一致性', 'D': '随机处理、批处理、流式处理'}","[""A""]",K_批处理_计算机科学与技术,大数据平台核心技术,K_批处理_计算机科学与技术,1,"The student correctly selected option A, which represents the three aspects of the CAP theorem: Consistency, Availability, and Partition Tolerance. This theorem states that in a distributed data store, only two of these three characteristics can be guaranteed at any one time. Options B, C, and D are unrelated to the CAP theorem, which is why they were incorrect choices."
Pm_738152,U_20319134,CAP理论是分布式系统设计领域著名的理论总结，认为CAP三者同时只能满足其二，其中CAP指的是：（ ）,"{'A': '一致性、可用性、分区容忍性', 'B': '原子性、隔离性、持久性', 'C': '易用性、可用性、一致性', 'D': '随机处理、批处理、流式处理'}","[""A""]",K_隔离性_计算机科学与技术,大数据平台核心技术,K_隔离性_计算机科学与技术,1,"The student answered correctly. The CAP theorem in distributed systems stands for Consistency, Availability, and Partition Tolerance - which corresponds to option 'A'. The theorem states that a distributed system cannot simultaneously guarantee all three properties. The student's knowledge of this accurately reflects the core principles of the CAP theorem."
Pm_738152,U_20319134,CAP理论是分布式系统设计领域著名的理论总结，认为CAP三者同时只能满足其二，其中CAP指的是：（ ）,"{'A': '一致性、可用性、分区容忍性', 'B': '原子性、隔离性、持久性', 'C': '易用性、可用性、一致性', 'D': '随机处理、批处理、流式处理'}","[""A""]",K_分布式系统设计_计算机科学与技术,大数据平台核心技术,K_分布式系统设计_计算机科学与技术,1,"The student answered the question correctly. The CAP theorem is a fundamental principle in distributed system design, stating that a system can only simultaneously guarantee two out of the three properties: Consistency, Availability, and Partition Tolerance (CAP). Option 'A' correctly lists these three properties, which is why the student's answer is correct."
Pm_738157,U_20319134,常见的深度学习模型包括：（  ）,"{'A': '卷机神经元网络 CNN', 'B': '深度置信模型 DBN', 'C': '递归神经元网络 RNN', 'D': 'K最近邻居模型 KNN'}","[""A"", ""B"", ""C""]",K_卷_计算机科学与技术,大数据平台核心技术,K_卷_计算机科学与技术,0,"The student selected options A, B, and C, which correspond to 'Convolutional Neural Network (CNN)', 'Deep Belief Network (DBN)', and 'Recurrent Neural Network (RNN)' respectively. These are indeed common deep learning models. However, the student did not indicate which option is incorrect, if any. The mistake could be in failing to evaluate the option 'D' correctly as 'K-Nearest Neighbors (KNN)', which is not a deep learning model but rather a type of instance-based learning or non-parametric method. If D was indeed marked as being a correct answer when it shouldn't be, that would result in an incorrect overall answer. More context on the question requirement would clarify whether the error is in inclusion or exclusion."
Pm_738157,U_20319134,常见的深度学习模型包括：（  ）,"{'A': '卷机神经元网络 CNN', 'B': '深度置信模型 DBN', 'C': '递归神经元网络 RNN', 'D': 'K最近邻居模型 KNN'}","[""A"", ""B"", ""C""]",K_近邻_计算机科学与技术,大数据平台核心技术,K_近邻_计算机科学与技术,0,"The student incorrectly included 'K最近邻居模型 KNN' (Answer D) as a common deep learning model. While KNN is a machine learning algorithm, it is not considered a deep learning model. The correct deep learning models in the options are '卷机神经元网络 CNN' (A), '深度置信模型 DBN' (B), and '递归神经元网络 RNN' (C). These fall into the category of deep learning due to their layered architectures and learning capabilities."
Pm_1209641,U_2427702,集线器与交换机在组建局域网上有什么不同？（）,"{'A': '集线器，处于OSI模型的第一层--物理层；交换机处于OSI模型的第二层--数据链路层', 'B': 'HUB相比于交换机，它的数据传输率有限', 'C': '交换机的数据传输性能比HUB要高的多', 'D': '交换机，处于OSI模型的第一层--物理层；集线器处于OSI模型的第二层--数据链路层'}","[""A"", ""B"", ""C""]",K_数据传输率_计算机科学与技术,网络综合布线,K_数据传输率_计算机科学与技术,1,"The student's answer is correct because options A, B, and C accurately describe key differences between hubs and switches in the context of building a local area network (LAN). Option A correctly states the difference in OSI model layers that hubs and switches operate on, with hubs at the physical layer and switches at the data link layer. Option B correctly notes that hubs have limited data transmission rates compared to switches, which is an inherent limitation of hubs. Option C is also correct as switches offer higher data transmission performance compared to hubs by directing data more efficiently to the appropriate device on the network. Therefore, selecting these options reflects an accurate understanding of the concepts involved."
Pm_1209641,U_2427702,集线器与交换机在组建局域网上有什么不同？（）,"{'A': '集线器，处于OSI模型的第一层--物理层；交换机处于OSI模型的第二层--数据链路层', 'B': 'HUB相比于交换机，它的数据传输率有限', 'C': '交换机的数据传输性能比HUB要高的多', 'D': '交换机，处于OSI模型的第一层--物理层；集线器处于OSI模型的第二层--数据链路层'}","[""A"", ""B"", ""C""]",K_OSI模型_计算机科学与技术,网络综合布线,K_OSI模型_计算机科学与技术,1,"The student correctly answered the question about differences between a hub and a switch in a local area network. The chosen options correctly identify that a hub operates on the first layer of the OSI model (physical layer), while a switch operates on the second layer (data link layer), as stated in option A. Option B accurately notes that hubs have limited data transfer rates compared to switches. Option C correctly states that switches have much higher data transmission performance than hubs. The student did not select option D, which contained incorrect information about the OSI layers for hubs and switches, further indicating a solid understanding of the concepts."
Pm_1209641,U_2427702,集线器与交换机在组建局域网上有什么不同？（）,"{'A': '集线器，处于OSI模型的第一层--物理层；交换机处于OSI模型的第二层--数据链路层', 'B': 'HUB相比于交换机，它的数据传输率有限', 'C': '交换机的数据传输性能比HUB要高的多', 'D': '交换机，处于OSI模型的第一层--物理层；集线器处于OSI模型的第二层--数据链路层'}","[""A"", ""B"", ""C""]",K_交换机_信息与通信工程,网络综合布线,K_交换机_信息与通信工程,1,"The student correctly identified the differences between hubs and switches. Option A is correct as hubs operate at the physical layer (Layer 1) and switches operate at the data link layer (Layer 2) of the OSI model. Option B is also correct because hubs have limited data transmission rates compared to switches. Option C is correct because switches indeed have higher data transmission performance than hubs. All these options accurately describe the distinctions between hubs and switches, thus making the student's answer correct."
Pm_1209645,U_2427702,网络层的数据传输单元是（  ）,"{'A': '数据帧', 'B': '比特流', 'C': '数据段', 'D': '数据包'}","[""D""]",K_数据帧_计算机科学与技术,网络综合布线,K_数据帧_计算机科学与技术,1,"The student's answer is correct. In networking, the data transmission unit at the network layer is known as a '数据包' (data packet). The network layer is responsible for packet forwarding, including routing through different routers. Unlike the data link layer, which uses '数据帧' (data frames), the network layer uses packets to transport data across networks."
Pm_1209646,U_2427702,TCP/IP参考模型将网络通信按功能分为（ ）,"{'A': '3层', 'B': '4层', 'C': '5层', 'D': '7层'}","[""B""]",K_TCP/IP参考模型_计算机科学与技术,网络综合布线,K_TCP/IP参考模型_计算机科学与技术,1,"The student's answer is correct. The TCP/IP reference model divides network communication into 4 layers: the application layer, the transport layer, the internet layer, and the network access layer. The student chose option 'B', which signifies 4 layers, aligning with the correct structure of the TCP/IP model."
Pm_1209647,U_2427702,下列属于应用层协议的是（ ）,"{'A': 'ICMP', 'B': 'ARP', 'C': 'TCP', 'D': 'HTTP'}","[""B""]",K_TCP_计算机科学与技术,网络综合布线,K_TCP_计算机科学与技术,0,"The student selected 'ARP' as the answer, which is incorrect. ARP is a protocol used for resolving network layer addresses into link layer addresses, not an application layer protocol. The correct answer is 'HTTP', which is an application layer protocol used for transferring hypertext over the web."
Pm_1209647,U_2427702,下列属于应用层协议的是（ ）,"{'A': 'ICMP', 'B': 'ARP', 'C': 'TCP', 'D': 'HTTP'}","[""B""]",K_应用层协议_计算机科学与技术,网络综合布线,K_应用层协议_计算机科学与技术,0,"The question asks for a protocol that belongs to the application layer. The student chose 'B': ARP, which is incorrect. ARP (Address Resolution Protocol) is a network layer protocol used to map IP addresses to MAC addresses, not an application layer protocol. The correct answer is 'D': HTTP, which is indeed an application layer protocol used for transmitting hypertext over the web."
Pm_1209654,U_2427702,在网络拓扑结构中，总线形结构的优点是（ ）,"{'A': '结点增删容易', 'B': '故障诊断定位准确', 'C': '安装简便灵活', 'D': '适合采用光纤连接'}","[""A"", ""C""]",K_网络拓扑结构_计算机科学与技术,网络综合布线,K_网络拓扑结构_计算机科学与技术,0,"The student's answer, choosing options 'A' and 'C', was incorrect. In a bus topology, the primary advantages are that it is easy to add and remove nodes ('A'), and it is simple and flexible to install ('C'). However, a common correct answer for the advantages of a bus structure also includes reduced cable usage or cost - which may have been missing from the student's chosen options. Additionally, bus topology does not generally offer accurate fault diagnostics ('B') nor is it specifically well-suited for fiber optic connections ('D'). Therefore, the student likely missed some documented advantages or misjudged the inclusiveness of 'A' and 'C'."
Pm_1209655,U_2427702,星型拓扑结构的有哪些特点？（ ）,"{'A': '安装容易,结构简单，通常以集线器或交换机作为中央节点，便于维护和管理', 'B': '由于信道共享，连接的节点不宜过多，并且总线自身的故障可以导致系统的崩溃', 'C': '安装困难，费用高，电缆故障容易查找和排除', 'D': '容易扩展，故障也容易分离处理'}","[""A"", ""D""]",K_故障_计算机科学与技术,网络综合布线,K_故障_计算机科学与技术,1,"The student's answer is correct. In a star topology, the characteristics include easy installation, simple structure, and usually using a hub or switch as the central node, which makes it easy to maintain and manage (Option A). Moreover, the star topology is easy to expand, and faults are also easy to isolate and handle (Option D), making both options A and D the correct answers."
Pm_1209655,U_2427702,星型拓扑结构的有哪些特点？（ ）,"{'A': '安装容易,结构简单，通常以集线器或交换机作为中央节点，便于维护和管理', 'B': '由于信道共享，连接的节点不宜过多，并且总线自身的故障可以导致系统的崩溃', 'C': '安装困难，费用高，电缆故障容易查找和排除', 'D': '容易扩展，故障也容易分离处理'}","[""A"", ""D""]",K_信道_计算机科学与技术,网络综合布线,K_信道_计算机科学与技术,1,"The student correctly answered the question about the characteristics of a star topology. Option A describes the ease of installation, simplicity, and management benefits when using a hub or switch as the central node, which are typical features of a star topology. Option D is also correct as star topologies are known for being easy to expand and for having faults that are easily isolated, aligning with the features of this network configuration. Therefore, the student's choices of A and D are appropriate and reflect an accurate understanding of the topic."
Pm_1209656,U_2427702,总线型网络采用的控制策略是什么？（ ）,"{'A': '分布式控制策略', 'B': '集中式控制策略', 'C': '令牌总线访问控制方式', 'D': 'CSMA/CD'}","[""D""]",K_控制策略_计算机科学与技术,网络综合布线,K_控制策略_计算机科学与技术,0,"The student's answer 'D' (CSMA/CD) is incorrect. The correct control strategy for a bus network is typically 'C' (令牌总线访问控制方式 - Token Bus Access Control). CSMA/CD is a control protocol used in Ethernet networks, which generally have a different topology. The bus network uses a token-passing mechanism to control access to the network, which ensures that all devices have the opportunity to communicate without collision."
Pm_189415,U_2427702,综合布线要求设计一个结构合理、技术先进、满足需求的综合布线系统方案，下列哪项不属于综合布线系统的设计原则。(  ),"{'A': '综合考虑用户需求、建筑物功能、经济发展水平等因素', 'B': '长远规划思想、保持一定的先进性', 'C': '不必将综合布线系统纳入建筑物整体规划、设计和建设中', 'D': '扩展性、标准化、灵活的管理方式'}","[""C""]",K_设计原则_计算机科学与技术,网络综合布线,K_设计原则_计算机科学与技术,1,"The student correctly identified option 'C' as not being a design principle of an integrated wiring system. Option 'C' suggests that it is not necessary to integrate the wiring system into the building's overall planning, which contradicts best practices. Integrated wiring systems should be included in the initial design phase to ensure they meet all requirements and integrate seamlessly with the building's infrastructure. Therefore, 'C' does not align with the principles of comprehensive wiring system design, which include consideration of user needs and flexibility for future advancements."
Pm_189415,U_2427702,综合布线要求设计一个结构合理、技术先进、满足需求的综合布线系统方案，下列哪项不属于综合布线系统的设计原则。(  ),"{'A': '综合考虑用户需求、建筑物功能、经济发展水平等因素', 'B': '长远规划思想、保持一定的先进性', 'C': '不必将综合布线系统纳入建筑物整体规划、设计和建设中', 'D': '扩展性、标准化、灵活的管理方式'}","[""C""]",K_综合_计算机科学与技术,网络综合布线,K_综合_计算机科学与技术,1,"The student correctly identified option 'C' as the choice not belonging to the comprehensive cabling system design principles. Option 'C' suggests that it is unnecessary to integrate the cabling system into the overall planning, design, and construction of the building, which contradicts the principles of comprehensive cabling design that emphasize integration within the building's overall architecture and function for optimal performance."
Pm_189418,U_2427702,工作区子系统又称（ ）子系统。,"{'A': '工作站', 'B': '服务群', 'C': '服务区', 'D': '信息站'}","[""C""]",K_服务区_计算机科学与技术,网络综合布线,K_服务区_计算机科学与技术,1,"The student correctly identified that the '工作区子系统' is also known as the '服务区' subsystem in the context of computer science and technology. This understanding aligns with the concept in the course '网络综合布线,' where the terminology '服务区' is used to describe this type of subsystem within the knowledge chain provided. Their choice of option 'C' demonstrates a correct application of this knowledge."
Pm_189422,U_2427702,垂直干线子系统也称（）子系统。,"{'A': '骨干', 'B': '综合', 'C': '干线', 'D': '连接'}","[""C""]",K_综合_计算机科学与技术,网络综合布线,K_综合_计算机科学与技术,1,"The student answered correctly. In network cabling systems, '垂直干线子系统' refers to the backbone subsystem. The correct option is 'C', which is '干线', aligning with the correct terminology for the vertical backbone cabling within a building or between buildings."
Pm_189424,U_2427702,水平干线子系统是指从楼层配线架到工作区的传输线路。,"{'true': '正确', 'false': '错误'}","[""true""]",K_传输线路_计算机科学与技术,网络综合布线,K_传输线路_计算机科学与技术,1,"The student's answer is correct. In network infrastructure terminology, a '水平干线子系统' (horizontal cabling subsystem) refers to the cabling that extends from the telecommunications rooms to the individual work areas on a specific floor. This aligns with the definition provided in the exercise, connecting floor distribution frames to work areas."
Pm_189431,U_2427702,水平子系统的设计需要认真阅读建筑物设计图纸，确定工作区子系统信息点的位置和数量完成点数表,"{'true': '正确', 'false': '错误'}","[""true""]",K_点数_信息与通信工程,网络综合布线,K_点数_信息与通信工程,1,"The student correctly answered the question. The statement asserts that the design of a horizontal subsystem involves thoroughly examining building design plans to determine the number and location of work area subsystem information points and completing the point list. This reflects an accurate understanding that recognizing these details is crucial for effective network cabling design, and therefore, the statement is true."
Pm_189432,U_2427702,水平子系统属于配线子系统对应缆线长度规定，配线子系统信道的最大长度不应大于一百米新造总长度不应大于2000米。,"{'true': '正确', 'false': '错误'}","[""true""]",K_系统对_计算机科学与技术,网络综合布线,K_系统对_计算机科学与技术,0,"The student's answer was incorrect because the provided statement in the exercise is false. According to standard network cabling practices, the channel length for a horizontal subsystem should not exceed 100 meters, but the total length for a wiring subsystem should not exceed 2000 meters. It appears there's a misunderstanding in the statement regarding the context where these cable lengths are being described."
Pm_189433,U_2427702,水平插头子系统从工作区的信息插座开始到管理间子系统的（）。,"{'A': 'RJ-45', 'B': '信息终端', 'C': '信息插座', 'D': '配线架'}","[""D""]",K_配线架_计算机科学与技术,网络综合布线,K_配线架_计算机科学与技术,1,"The student correctly identified '配线架' (Option D) as the endpoint of the horizontal cabling subsystem in the network comprehensive cabling system, which starts from the information outlet in the work area and ends at the patch panel in the management subsystem. The student's knowledge of the network cabling system structure and terminology, such as '配线架' being a central component in managing and organizing cables, contributed to the correct answer."
Pm_189434,U_2427702,吊顶上加工线槽布线由楼层管理间引出来的线缆先走吊顶内线槽道个房间后经分支线槽从桥梁时电缆管道分叉后将电缆穿过一段支管引向墙壁沿墙而下到墙内信息插座的布线方式,"{'true': '正确', 'false': '错误'}","[""true""]",K_线缆_计算机科学与技术,网络综合布线,K_线缆_计算机科学与技术,1,"The student correctly identified the wiring method described in the content as '正确' (correct). The problem likely described a typical cabling method used in structured network cabling systems, where cables are run through dedicated channels and conduits from a central management point to the final outlet. This approach ensures organized and efficient cable management, which is a standard practice in network cabling. Their understanding aligns with the principles taught in the course '网络综合布线' (Network Integrated Cabling)."
Pm_189434,U_2427702,吊顶上加工线槽布线由楼层管理间引出来的线缆先走吊顶内线槽道个房间后经分支线槽从桥梁时电缆管道分叉后将电缆穿过一段支管引向墙壁沿墙而下到墙内信息插座的布线方式,"{'true': '正确', 'false': '错误'}","[""true""]",K_分支线_计算机科学与技术,网络综合布线,K_分支线_计算机科学与技术,1,"The student answered the question correctly. The description involves a detailed explanation of routing cables from a management room through ceiling channels, branching via ducts, and eventually reaching wall-mounted information sockets. This matches the standard practices of structured cabling in network installations, indicating that the student's understanding of the concepts was accurate."
Pm_189434,U_2427702,吊顶上加工线槽布线由楼层管理间引出来的线缆先走吊顶内线槽道个房间后经分支线槽从桥梁时电缆管道分叉后将电缆穿过一段支管引向墙壁沿墙而下到墙内信息插座的布线方式,"{'true': '正确', 'false': '错误'}","[""true""]",K_布线_计算机科学与技术,网络综合布线,K_布线_计算机科学与技术,1,"The student answered the question correctly by identifying the described cabling method as '正确' (correct). The explanation suggests that the described process aligns well with standard practices for routing cables from a floor management area through a ceiling duct, into a room, through a branch conduit, and down a wall into an outlet. The student's understanding of network cabling techniques is demonstrated by their ability to accurately classify this wiring strategy within the context of comprehensive network cabling."
Pm_189441,U_2427702,路由的选择主要依据建筑物的结构以及建筑物内预埋管道而定。,"{'true': '正确', 'false': '错误'}","[""true""]",K_路由_计算机科学与技术,网络综合布线,K_路由_计算机科学与技术,1,The student correctly identified the statement as 'true'. The choice of routing is indeed primarily determined by the structure of the building and the pre-installed pipelines within. This aligns with principles in network integrated cabling where physical infrastructure plays a crucial role in routing decisions.
Pm_189450,U_2427702,跳线架的作用是上级程控交换机过来的接线与到桌面终端的语音信息点连接线之间的连接和跳接部分，便于管理，维护测试。,"{'true': '正确', 'false': '错误'}","[""true""]",K_接线_计算机科学与技术,网络综合布线,K_接线_计算机科学与技术,1,"The student correctly identified that the function of a patch panel is to connect and manage the connections between the incoming lines from the main telecommunications switch and the cables leading to the individual terminal devices. This facilitates easy maintenance and testing, aligning with the definition provided in the network cabling course."
Pm_189451,U_2427702,"配线架端口数量应该大于信息点数量,保证全部信息点过来的缆线全部端接在配线架中。","{'true': '正确', 'false': '错误'}","[""true""]",K_端接_计算机科学与技术,网络综合布线,K_端接_计算机科学与技术,1,"The student answered correctly that the number of distribution frame ports should be greater than the number of information points. This ensures that all incoming cables from the information points can be terminated at the distribution frame, which is essential for efficient network cabling and management."
Pm_189451,U_2427702,"配线架端口数量应该大于信息点数量,保证全部信息点过来的缆线全部端接在配线架中。","{'true': '正确', 'false': '错误'}","[""true""]",K_配线架_计算机科学与技术,网络综合布线,K_配线架_计算机科学与技术,1,"The student correctly answered 'true' to the statement. The explanation for why this is correct is that to ensure all information points have their cables properly terminated on the patch panel, the number of ports in the patch panel should indeed be greater than the number of information points. This allows all the cables from the information points to be accommodated and neatly organized in the patch panel, facilitating management and future expansions or changes."
Pm_189451,U_2427702,"配线架端口数量应该大于信息点数量,保证全部信息点过来的缆线全部端接在配线架中。","{'true': '正确', 'false': '错误'}","[""true""]",K_点数_信息与通信工程,网络综合布线,K_点数_信息与通信工程,1,The student correctly answered 'true' to the statement that the number of patch panel ports should be greater than the number of information points. This ensures that all cables coming from the information points can be connected to the patch panel. Having extra ports allows for flexibility in case of future expansions and reduces the risk of insufficient ports when all information points need to be terminated in the patch panel.
Pm_189452,U_2427702,"管理间子系统使用色标来区分配线设备的性质,标明端接区域、物理位置、编号、容量、规格等,以便维护人员在现场一目了然地加以识别。","{'true': '正确', 'false': '错误'}","[""true""]",K_端接_计算机科学与技术,网络综合布线,K_端接_计算机科学与技术,1,"The student correctly identified that the statement was true. The management subsystem uses color codes to distinguish the nature of wiring equipment. It provides clear markings for termination areas, physical locations, numbers, capacities, and specifications, which helps maintenance personnel easily identify these on-site. This understanding aligns with the principles of structured cabling systems discussed in the course '网络综合布线'."
Pm_189452,U_2427702,"管理间子系统使用色标来区分配线设备的性质,标明端接区域、物理位置、编号、容量、规格等,以便维护人员在现场一目了然地加以识别。","{'true': '正确', 'false': '错误'}","[""true""]",K_识别_计算机科学与技术,网络综合布线,K_识别_计算机科学与技术,1,"The student correctly answered 'true' because the content accurately describes the use of color coding in management subsystems to differentiate the nature of wiring equipment, marking termination zones, physical locations, numbers, capacity, specifications, etc., which helps maintenance personnel to easily identify these components on-site. This is consistent with common practices in network structured cabling."
Pm_189454,U_2427702,配线架主要110系列配线架，RJ45模块化配线架这两类。,"{'true': '正确', 'false': '错误'}","[""true""]",K_配线架_计算机科学与技术,网络综合布线,K_配线架_计算机科学与技术,1,"The student answered correctly. The question states that the main types of patch panels are the 110 series patch panel and the RJ45 modular patch panel, which is accurate information. Therefore, selecting '正确' (correct) as the answer aligns with the provided content."
Pm_189458,U_2427702,设备间的理想位置应设于建筑综合布线主干线路的中间。,"{'true': '正确', 'false': '错误'}","[""true""]",K_理想_计算机科学与技术,网络综合布线,K_理想_计算机科学与技术,1,"The student's answer is correct. In network integrated cabling, it's optimal to place equipment rooms in the center of the backbone cabling for efficient network layout and to minimize cable lengths for effective communication between different network segments."
Pm_189475,U_2427702,建筑群子系统的室外缆线，一般通过建筑物进线间进入大楼内部的设备间，室外距离比较长，设计时一般选用地埋管道穿线或者电缆沟敷设方式。也有在特殊场合使用直埋方式，或者架空方式,"{'true': '正确', 'false': '错误'}","[""true""]",K_线或_计算机科学与技术,网络综合布线,K_线或_计算机科学与技术,1,"The student answered correctly that the content provided is true. The explanation discusses the typical methods used for installing outdoor cables of building subsystem networks, such as through underground ducts, cable trenches, or directly buried methods, which aligns with standard practices in comprehensive network cabling."
Pm_189477,U_2427702,网络系统的缆线必须远离这些强电电缆，避免对网路系统的电磁干扰。,"{'true': '正确', 'false': '错误'}","[""true""]",K_网路_计算机科学与技术,网络综合布线,K_网路_计算机科学与技术,1,"The student's answer is correct. The content states that network system cables must be kept away from high-power electrical cables to avoid electromagnetic interference. This is a fundamental principle in network cabling to ensure reliable data transmission and minimize signal disruption, aligning perfectly with the given answer labeled 'true'."
Pm_189479,U_2427702,建筑物子系统的线缆布设方式有4种：架空布线法、直埋布线法、地下管道布线法和隧道内电缆布线。,"{'true': '正确', 'false': '错误'}","[""true""]",K_线缆_计算机科学与技术,网络综合布线,K_线缆_计算机科学与技术,1,"The student correctly identified that the statement is true, as the problem correctly describes the four common methods of cable routing in building subsystems: overhead wiring, direct burial wiring, underground conduit wiring, and tunnel conduit cable wiring. This matches the concepts taught in network integrated wiring related to computer science and technology."
Pm_189479,U_2427702,建筑物子系统的线缆布设方式有4种：架空布线法、直埋布线法、地下管道布线法和隧道内电缆布线。,"{'true': '正确', 'false': '错误'}","[""true""]",K_布线_计算机科学与技术,网络综合布线,K_布线_计算机科学与技术,1,"The student's answer is correct. The problem statement describes four methods for cable installation in building subsystems, and the student correctly identified this statement as 'true'. These methods—overhead wiring, direct burying, underground conduit wiring, and cable wiring within tunnels—are indeed recognized approaches in comprehensive network cabling."
Pm_189481,U_2427702,敷设电缆应综合考虑对环境的影响。,"{'true': '正确', 'false': '错误'}","[""true""]",K_综合_计算机科学与技术,网络综合布线,K_综合_计算机科学与技术,1,"The student's answer is correct. The statement '敷设电缆应综合考虑对环境的影响' means 'When laying cables, the impact on the environment should be comprehensively considered.' This is a true statement because environmental considerations are important in network cabling to ensure sustainability and minimize negative effects."
Pm_189483,U_2427702,由于智能化建筑群所处的环境一般对美化要求较高，对于各种管线设施都有严格规定，要根据小区建设规划和传输线路分布，尽量采用地下化和（ ）化方式。,"{'A': '隐蔽', 'B': '突出', 'C': '彰显'}","[""A""]",K_传输线路_计算机科学与技术,网络综合布线,K_传输线路_计算机科学与技术,1,"The student correctly chose option 'A' which is '隐蔽', meaning 'concealed'. This aligns with the context of the question which emphasizes the need for high aesthetic standards in intelligent building environments, thus requiring facilities like pipelines to be concealed rather than visible or highlighted."
Pm_189484,U_2427702,下列哪个不是建筑群子系统常用的线缆布设方式（ ）,"{'A': '架空布线法', 'B': '直埋布线法', 'C': '地下管道布线法', 'D': '挂接'}","[""D""]",K_线缆_计算机科学与技术,网络综合布线,K_线缆_计算机科学与技术,1,"The student correctly identified '挂接' (Option D) as the option that is not a common cable installation method for building subsystems. The other options, '架空布线法' (Aerial Wiring), '直埋布线法' (Direct Buried Wiring), and '地下管道布线法' (Underground Duct Wiring), are standard methods used in network cabling."
Pm_146689,U_27741674,可以用哪个命令测试两台主机之间网络的连通性。,"{'A': 'ping', 'B': 'ifconfig', 'C': 'ipconfig', 'D': 'route'}","[""A""]",K_ipconfig_计算机科学与技术,Linux系统管理,K_ipconfig_计算机科学与技术,1,"The student answered the question correctly by selecting 'A': 'ping'. The 'ping' command is commonly used to test network connectivity between two hosts by sending ICMP echo requests and waiting for replies. The other options, such as 'ifconfig', 'ipconfig', and 'route', are related to network configuration and routing but are not used specifically for testing connectivity."
Pm_146694,U_27741674,回环接口为系统提供一个单机网络环境，一般用于网络程序的调试。,"{'true': '正确', 'false': '错误'}","[""true""]",K_调试_计算机科学与技术,Linux系统管理,K_调试_计算机科学与技术,1,"The student answered correctly that a loopback interface provides a single-machine network environment, which is generally used for network program debugging. This aligns with the typical function of a loopback interface in Linux system management, making the answer 'true'."
Pm_146697,U_27741674,关于修改主机名，下面那些说法是正确的：,"{'A': '需要修改/etc/sysconfig/network文件', 'B': '需要修改/etc/hosts文件', 'C': '需要修改/etc/sysconfig/network-scripts/ifcfg-eth0文件', 'D': '一般需要重启系统，让修改生效'}","[""A"", ""B"", ""D""]",K_主机名_计算机科学与技术,Linux系统管理,K_主机名_计算机科学与技术,1,"The student correctly identified the statements A, B, and D as true for changing the hostname. Statement A is correct because the /etc/sysconfig/network file often contains the hostname configuration. Statement B is correct since the /etc/hosts file is usually updated to map the hostname to the corresponding IP address. Statement D is generally true because a reboot ensures that all services recognize the new hostname. Statement C is not typically involved directly in changing the hostname, making the student's choice of excluding it appropriate."
Pm_146699,U_27741674,关于为网络接口配置DHCP，下面那些说法是正确的：,"{'A': 'DHCP很方便，但是更容易发生配置错误', 'B': 'DHCP服务器可以指定接口的IP地址、子网掩码和网关', 'C': '默认情况下，CentOS使用DHCP协议配置接口网络参数', 'D': 'DHCP服务器还可以指定主机名'}","[""B"", ""C"", ""D""]",K_主机名_计算机科学与技术,Linux系统管理,K_主机名_计算机科学与技术,1,"The student correctly identified the statements that are true regarding DHCP. 'B' is correct because DHCP servers can provide IP address, subnet mask, and gateway information. 'C' is correct because CentOS and many Linux distributions use DHCP by default to acquire network parameters. 'D' is also correct as DHCP can provide optional information such as the hostname to the client. 'A' is not selected, which is appropriate because while DHCP does add convenience in network management, it does not inherently lead to more configuration errors. Therefore, the student's answers are accurate and align with the functionality and features of DHCP in network management."
Pm_412336,U_27862163,在计算机系统中，外部设备必须通过（ ）才能实现与主机的信息交换。,"{'A': '电缆', 'B': '总线插槽', 'C': '接口', 'D': '电源'}","[""C""]",K_总线_计算机科学与技术,微机原理与接口技术,K_总线_计算机科学与技术,1,"The student correctly answered that external devices must use an 'interface' to exchange information with the host computer. In computer systems, interfaces serve as the connection points allowing data communication between the host and peripheral devices, making 'C' the appropriate choice."
Pm_412337,U_27862163,计算机的核心是CPU，它包含了计算机的运算器和（）。,"{'A': '存储器和寄存器', 'B': '总线和接口', 'C': '控制器和寄存器', 'D': 'ALU和寄存器'}","[""C""]",K_总线_计算机科学与技术,微机原理与接口技术,K_总线_计算机科学与技术,1,"The student answered correctly. The CPU, or Central Processing Unit, consists of the Arithmetic Logic Unit (ALU) and the Control Unit (CU), commonly referred to collectively as the control unit and registers. This matches option 'C' which states '控制器和寄存器'. Thus, the answer is correct."
Pm_412338,U_27862163,现代计算机中的总线采用,"{'A': '单总线结构', 'B': '双总线结构', 'C': '多总线结构', 'D': '系统总线结构'}","[""C""]",K_多总线_计算机科学与技术,微机原理与接口技术,K_多总线_计算机科学与技术,0,"The student selected 'C' which corresponds to '多总线结构' (multi-bus structure). However, their answer was marked incorrect. This indicates that the correct answer must be one of the other options ('A', 'B', or 'D'). In modern computer systems, while multi-bus architectures are used, the question might be targeting a more specific type of bus structure commonly used or taught in the context of this course, such as 'D' which could refer to the traditional single '系统总线结构' (system bus structure). It is important to consider the context in which the course presents bus architectures and which structure is emphasized or considered standard."
Pm_412338,U_27862163,现代计算机中的总线采用,"{'A': '单总线结构', 'B': '双总线结构', 'C': '多总线结构', 'D': '系统总线结构'}","[""C""]",K_单总线_计算机科学与技术,微机原理与接口技术,K_单总线_计算机科学与技术,0,"The student answered 'C', which is '多总线结构'. However, the correct answer should be 'A', which is '单总线结构', as the concept involved is related to '单总线' in computer science. The mistake could stem from confusion about the evolution of bus architectures, where earlier systems often used single bus structures. Understanding the specific context of the question related to the '微机原理与接口技术' course might help the student align their answer with the expected structure discussed."
Pm_412338,U_27862163,现代计算机中的总线采用,"{'A': '单总线结构', 'B': '双总线结构', 'C': '多总线结构', 'D': '系统总线结构'}","[""C""]",K_系统总线_计算机科学与技术,微机原理与接口技术,K_系统总线_计算机科学与技术,0,"The student answered 'C: 多总线结构', which was incorrect. The correct answer is 'D: 系统总线结构'. In modern computers, the system bus architecture is commonly referred to, which integrates data, address, and control buses into a single pathway system. The confusion may arise from the evolution and complexity of modern systems, which can involve multiple types of bus interfaces, but the term '系统总线结构' generally refers to the primary architecture for communication within a computer."
Pm_412340,U_27862163,判断符号数加减运算结果是否溢出的条件是（     ）。,"{'A': '最高位与次高位的进（借）位状态不同', 'B': '最高位与次高位的进（借）位状态相同', 'C': '最高位向更高位有进（借）位', 'D': '次高位向最高位有进（借）位'}","[""A""]",K_溢出_计算机科学与技术,微机原理与接口技术,K_溢出_计算机科学与技术,1,"The student correctly identified that the condition for detecting overflow in signed number addition or subtraction is when the carry into the highest-order bit (sign bit) is different from the carry out of the highest-order bit, which is option A. This is a fundamental concept in computer science related to binary arithmetic and overflow detection in signed numbers."
Pm_412348,U_27862163,微型计算机系统主要由（      ）组成。,"{'A': '微处理器，存储器，输入输出设备，I/O接口，软件系统', 'B': '微处理器，主机，总线，存储器，输入输出设备，I/O接口', 'C': '微处理器，主机，存储器，输入输出设备，I/O接口', 'D': '微处理器，存储器，总线，I/O接口，软件系统'}","[""D""]",K_微型计算机系统_计算机科学与技术,微机原理与接口技术,K_微型计算机系统_计算机科学与技术,1,"The student correctly identified that option D is the right choice for what constitutes a microcomputer system. Option D, which includes a microprocessor, memory, a bus, I/O interfaces, and software systems, accurately covers the essential components of a microcomputer system, as these are necessary for processing data, storage, communication, and interfacing with other devices. This indicates a good understanding of the components involved in microcomputer systems from their 'Microcomputer Principles and Interface Technology' course."
Pm_412376,U_27862163,设BX中有一个16位带符号数。若要将BX中的内容除2，则以下正确的指令是（    ）。,"{'A': 'SAR BX,1', 'B': 'SHRBX,1', 'C': '.RARBX,1', 'D': 'SALBX,1'}","[""A""]",K_带符号_计算机科学与技术,微机原理与接口技术,K_带符号_计算机科学与技术,0,"The student answered incorrectly. The correct instruction to divide a signed 16-bit number by 2 in register BX is 'SAR BX,1', which is option 'A'. SAR (Shift Arithmetic Right) is used to perform an arithmetic shift, preserving the sign bit, which is essential when dealing with signed numbers. The student's choice might have been due to a misunderstanding of the function of other shift instructions. 'SHR' would not preserve the sign bit, which is incorrect for signed numbers."
Pm_146588,U_28145151,当您在命令提示符的后面输入命令的一部分时，按（__）键，Linux会帮你打剩下的字符，补充成为完整命令，如果有多个相符的命令，连按两下（__）键，Linux会显示所有的相符的命令。,"{'A': 'TAB', 'B': 'CONTRL', 'C': 'SHIFT', 'D': 'SPACE'}","[""A""]",K_命令提示符_计算机科学与技术,Linux系统管理,K_命令提示符_计算机科学与技术,1,"The student correctly identified the 'TAB' key for command auto-completion in a Linux terminal. This feature allows for faster command input by completing the command name or showing possible command options when the 'TAB' key is pressed once or twice, respectively."
Pm_146589,U_28145151,下面的选项哪些是正确的？,"{'A': 'Linux操作系统是由Linus Torvalds发明的', 'B': 'Linux操作系统是由Richard Stallman发明的', 'C': 'Linus Torvalds和Richard Stallman的工作共同造就了Linux', 'D': '自由软件运动和互联网的兴起造就了Linux操作系统'}","[""C"", ""D""]",K_自由软件_计算机科学与技术,Linux系统管理,K_自由软件_计算机科学与技术,0,"The student incorrectly answered the question by selecting options C and D. Option A is correct because Linux was initially created by Linus Torvalds. While Richard Stallman played a significant role in the free software movement, he did not invent Linux, making option B incorrect. Options C and D suggest a collaborative effort and wider context, which are not incorrect but do not pinpoint the correct attribution of Linux's invention to Linus Torvalds alone. Therefore, the correct answer should have included option A as well."
Pm_146591,U_28145151,"关于CentOS,下面哪些说法是正确的？","{'A': 'CentOS100%兼容红帽企业版(RHEL)', 'B': 'CentOS不提供专门技术支持，不包含封闭源代码软件', 'C': 'CentOS 64位版本可以安装在32位架构的机器上', 'D': 'CentOS是利用用红帽企业版(RHEL)源代码重新编译而成的'}","[""A"", ""B"", ""D""]",K_闭源_计算机科学与技术,Linux系统管理,K_闭源_计算机科学与技术,0,"The student answered the question incorrectly because they selected the option indicating that 'CentOS 64位版本可以安装在32位架构的机器上' as correct, which is actually incorrect. CentOS 64-bit cannot be installed on a 32-bit architecture machine due to compatibility issues between 64-bit and 32-bit architectures. However, the other options selected by the student (A, B, and D) are correct, as CentOS is indeed 100% compatible with RHEL, does not provide dedicated technical support, doesn’t include closed-source software, and is recompiled from RHEL source code."
Pm_146592,U_28145151,安装Linux所要的两个最基本的分区分别是以（ ）和（ ）。,"{'A': '/boot分区', 'B': '/home分区', 'C': '根分区', 'D': 'Swap分区'}","[""C"", ""D""]",K_Swap分区_计算机科学与技术,Linux系统管理,K_Swap分区_计算机科学与技术,0,"The student's answer ""C"" and ""D"" was correct in identifying the root partition ('C: 根分区') as one of the essential partitions required for installing Linux. However, instead of the swap partition ('D: Swap分区'), the correct second partition is the '/boot partition'. The /boot partition is critical for the booting process, making it a fundamental requirement along with the root partition for Linux installation. The incorrect choice of 'Swap分区' contributed to the error."
Pm_146593,U_28145151,在Linux中，打开BASH后的命令提示符，能够告诉你有关主机的哪些信息？,"{'A': '登录的主机名', 'B': '登录的用户名', 'C': '用户当前所处的工作目录', 'D': '用户上次登录时间'}","[""A"", ""B"", ""C""]",K_主机名_计算机科学与技术,Linux系统管理,K_主机名_计算机科学与技术,1,"The student's answer is correct. In Linux, when you open the BASH shell, the command prompt typically displays information about the hostname of the machine you are logged into (option A), the username you are logged in as (option B), and the current directory you are working in (option C). Option D is incorrect because the last login time is not typically shown in the command prompt by default."
Pm_146593,U_28145151,在Linux中，打开BASH后的命令提示符，能够告诉你有关主机的哪些信息？,"{'A': '登录的主机名', 'B': '登录的用户名', 'C': '用户当前所处的工作目录', 'D': '用户上次登录时间'}","[""A"", ""B"", ""C""]",K_命令提示符_计算机科学与技术,Linux系统管理,K_命令提示符_计算机科学与技术,1,"The student correctly identified that when you open the BASH terminal in Linux, the command prompt can provide information about the logged-in hostname (A), the logged-in username (B), and the user's current working directory (C). The user correctly did not select option D, as the command prompt does not typically display the user's last login time by default. Therefore, their answer is correct."
Pm_146597,U_28145151,下面关于关机和重启的说法，哪些是正确的？,"{'A': '关机是系统管理员要给予充分重视的一件大事.', 'B': 'shutdown -k now 命令用于立即关机', 'C': '不恰当或者不正确的关机和重启，可能会导致数据丢失', 'D': '关机和重启命令默认情况下普通用户亦可执行'}","[""A"", ""C""]",K_系统管理员_计算机科学与技术,Linux系统管理,K_系统管理员_计算机科学与技术,1,"The student correctly identified the statements about shutdown and reboot that are true. Option A is correct because shutting down is indeed an important task for a system administrator to handle carefully to ensure system integrity and data safety. Option C is also correct because improper shutdowns or reboots can lead to data loss or corruption. The student understood these concepts well, which is why their answer is correct. Options B and D are incorrect: 'shutdown -k now' doesn't immediately power down the system, and shutdown/reboot commands typically require administrative privileges, not accessible by a regular user by default."
Pm_146598,U_28145151,Linux中所谓的命令(Command)，广义上包括：,"{'A': '可执行的二进制文件', 'B': '可执行的库文件', 'C': 'shell脚本文件', 'D': 'shell内建函数'}","[""A"", ""C"", ""D""]",K_Shell脚本_计算机科学与技术,Linux系统管理,K_Shell脚本_计算机科学与技术,0,"The student answered that the Linux command includes 'A: 可执行的二进制文件', 'C: shell脚本文件', and 'D: shell内建函数'. However, they missed option 'B: 可执行的库文件'. In Linux, commands can come from executables, scripts, built-in commands, and even library files that are linked during execution. The correct answer should include B as well, since it is part of what can be considered a command in a broader sense."
Pm_146588,U_29040364,当您在命令提示符的后面输入命令的一部分时，按（__）键，Linux会帮你打剩下的字符，补充成为完整命令，如果有多个相符的命令，连按两下（__）键，Linux会显示所有的相符的命令。,"{'A': 'TAB', 'B': 'CONTRL', 'C': 'SHIFT', 'D': 'SPACE'}","[""A""]",K_命令提示符_计算机科学与技术,Linux系统管理,K_命令提示符_计算机科学与技术,1,"The student answered correctly. In Linux command-line interfaces, pressing the 'TAB' key helps to autocomplete commands or file names. If there are multiple potential matches, pressing the 'TAB' key twice will show all possible completions. This matches the description in the exercise content, where 'TAB' is the correct option for both situations described."
Pm_146589,U_29040364,下面的选项哪些是正确的？,"{'A': 'Linux操作系统是由Linus Torvalds发明的', 'B': 'Linux操作系统是由Richard Stallman发明的', 'C': 'Linus Torvalds和Richard Stallman的工作共同造就了Linux', 'D': '自由软件运动和互联网的兴起造就了Linux操作系统'}","[""C"", ""D""]",K_自由软件_计算机科学与技术,Linux系统管理,K_自由软件_计算机科学与技术,1,"The student correctly identified that both 'C' and 'D' are the correct options. Option 'C' acknowledges the collaboration between Linus Torvalds, who developed the Linux kernel, and Richard Stallman, whose GNU project provided important components for the operating system. Option 'D' recognizes the role of the Free Software Movement and the rise of the internet in making Linux widely accessible and successful. Therefore, the student's understanding aligns well with the history of Linux's development."
Pm_146591,U_29040364,"关于CentOS,下面哪些说法是正确的？","{'A': 'CentOS100%兼容红帽企业版(RHEL)', 'B': 'CentOS不提供专门技术支持，不包含封闭源代码软件', 'C': 'CentOS 64位版本可以安装在32位架构的机器上', 'D': 'CentOS是利用用红帽企业版(RHEL)源代码重新编译而成的'}","[""A"", ""B"", ""D""]",K_闭源_计算机科学与技术,Linux系统管理,K_闭源_计算机科学与技术,0,"The student's answer included options 'A', 'B', and 'D', which contain both correct and incorrect choices. 'A' is correct because CentOS is designed to be binary compatible with RHEL. 'B' is correct as CentOS is a community-supported distribution and typically does not include proprietary software. 'D' is also correct because CentOS is indeed a recompilation of RHEL's source code. However, 'C' is incorrect because a 64-bit version cannot be installed on a 32-bit architecture machine. The student included option 'C' in their response, which makes the answer incorrect overall."
Pm_146592,U_29040364,安装Linux所要的两个最基本的分区分别是以（ ）和（ ）。,"{'A': '/boot分区', 'B': '/home分区', 'C': '根分区', 'D': 'Swap分区'}","[""C"", ""D""]",K_Swap分区_计算机科学与技术,Linux系统管理,K_Swap分区_计算机科学与技术,1,"The student answered correctly by selecting the root partition (C) and the swap partition (D). When installing Linux, the most basic partitions needed are the root partition (/) which is crucial for the system files and Swap partition which is used for virtual memory. This aligns with basic Linux installation requirements."
Pm_146593,U_29040364,在Linux中，打开BASH后的命令提示符，能够告诉你有关主机的哪些信息？,"{'A': '登录的主机名', 'B': '登录的用户名', 'C': '用户当前所处的工作目录', 'D': '用户上次登录时间'}","[""A"", ""B"", ""C""]",K_主机名_计算机科学与技术,Linux系统管理,K_主机名_计算机科学与技术,1,"The student correctly identified that the command prompt in BASH provides information about the hostname (A), the username (B), and the current working directory (C). These are typical pieces of information displayed in a standard BASH prompt. Option (D), the user's last login time, is not normally shown in the command prompt, which is why it was correctly excluded from the answer."
Pm_146593,U_29040364,在Linux中，打开BASH后的命令提示符，能够告诉你有关主机的哪些信息？,"{'A': '登录的主机名', 'B': '登录的用户名', 'C': '用户当前所处的工作目录', 'D': '用户上次登录时间'}","[""A"", ""B"", ""C""]",K_命令提示符_计算机科学与技术,Linux系统管理,K_命令提示符_计算机科学与技术,1,"The student's answer is correct. When a BASH terminal is opened in Linux, the command prompt can provide the hostname of the machine (A), the username of the logged-in user (B), and the current working directory (C). Option D, the user's last login time, is not shown in the prompt by default. Therefore, selecting A, B, and C was the right choice."
Pm_146597,U_29040364,下面关于关机和重启的说法，哪些是正确的？,"{'A': '关机是系统管理员要给予充分重视的一件大事.', 'B': 'shutdown -k now 命令用于立即关机', 'C': '不恰当或者不正确的关机和重启，可能会导致数据丢失', 'D': '关机和重启命令默认情况下普通用户亦可执行'}","[""A"", ""C""]",K_系统管理员_计算机科学与技术,Linux系统管理,K_系统管理员_计算机科学与技术,0,"The student's answer [""A"", ""C""] correctly identifies that shutdown is an important task for system administrators (A) and that improper shutdowns can cause data loss (C). However, the answer is marked incorrect because the student missed the correct aspects of other options or chose an incorrect one. Option B is incorrect because 'shutdown -k now' does not actually shut down the system; it only sends a warning message to logged-in users without shutting down. Option D is incorrect as shutdown and reboot commands usually require administrative privileges and are not executable by regular users by default. Therefore, the student did not select the most complete set of correct options based on the given information."
Pm_146598,U_29040364,Linux中所谓的命令(Command)，广义上包括：,"{'A': '可执行的二进制文件', 'B': '可执行的库文件', 'C': 'shell脚本文件', 'D': 'shell内建函数'}","[""A"", ""C"", ""D""]",K_Shell脚本_计算机科学与技术,Linux系统管理,K_Shell脚本_计算机科学与技术,1,"The student correctly identified that, in Linux, the term 'command' broadly includes executable binary files (A), shell script files (C), and shell built-in functions (D). Executable library files (B) are not typically referred to as commands because they are used to provide functionality to other programs or commands, rather than being executed directly by the user as commands."
Pm_146604,U_29040364,假设当前工作目录下有一个名为sampledir 的目录，该目录下有一个名为sampledir01的目录， 键入 “rmdir sampledir”，会发生什么？,"{'A': 'sampledir和sampledir01被删除', 'B': '出错', 'C': 'sampledir01被删除', 'D': 'sampledir被删除，但sampledir01未被删除'}","[""B""]",K_键入_计算机科学与技术,Linux系统管理,K_键入_计算机科学与技术,0,"The student answered 'B', which is correct because the 'rmdir' command in Linux only deletes empty directories. Since 'sampledir' contains 'sampledir01', it is not empty, and attempting to remove it will result in an error. Therefore, 'B' is the correct choice as it indicates an error will occur."
Pm_146607,U_29040364,关于Linux中工作目录，下面哪些说法是错误的?,"{'A': '可以在命令提示符中观察到目前所处的工作目录', 'B': '用户登录后初始的默认工作目录总是登录用户的 “家目录”', 'C': '用户的工作目录是固定的', 'D': '可以用～字符代表当前工作目录'}","[""C"", ""D""]",K_登录_计算机科学与技术,Linux系统管理,K_登录_计算机科学与技术,1,"The student correctly identified the incorrect statements about Linux working directories. Option 'C' is incorrect because a user's working directory is not fixed; it can be changed using commands like 'cd'. Option 'D' is incorrect because the '~' character represents the home directory, not the current working directory. The student's selections indicate a clear understanding of these concepts."
Pm_146607,U_29040364,关于Linux中工作目录，下面哪些说法是错误的?,"{'A': '可以在命令提示符中观察到目前所处的工作目录', 'B': '用户登录后初始的默认工作目录总是登录用户的 “家目录”', 'C': '用户的工作目录是固定的', 'D': '可以用～字符代表当前工作目录'}","[""C"", ""D""]",K_命令提示符_计算机科学与技术,Linux系统管理,K_命令提示符_计算机科学与技术,1,"The student correctly identified the incorrect statements about Linux working directories. Option C is incorrect because a user's working directory is not fixed; it can be changed using the 'cd' (change directory) command. Option D is incorrect because the '~' character represents the home directory, not the current working directory. Therefore, the student successfully recognized the errors in these statements."
Pm_146613,U_29040364,要将当前目录下的文件samplefile的文件从属组改为stu用户组，应该使用哪个命令？,"{'A': 'chmod stu ./samplefile', 'B': 'chown stu ./samplefile', 'C': 'chown :stu ./samplefile', 'D': 'chmod :stu ./samplefile'}","[""C""]",K_当前目录_计算机科学与技术,Linux系统管理,K_当前目录_计算机科学与技术,0,"The student was asked to change the group ownership of a file named 'samplefile' to the 'stu' group. The correct command to change the group of a file is 'chown :stu ./samplefile'. However, the student chose option 'C', which is actually correct, suggesting there might be an error in the evaluation or misunderstanding of response formatting. The answer provided is correct, as 'chown :group_name file' changes the file's group ownership."
Pm_146614,U_29040364,如用ls -l 命令列出文件，文件的第一个字段是drwxr-x---，表示什么,"{'A': '这是一个符号链接文件，对于文件拥有者可读可写可执行，对于从属用户组里的用户可读不可写可执行，对于其他用户不可读不可写不可执行', 'B': '这是一个普通文件，对于文件拥有者可读可写可执行，对于其他用户可读不可写可执行，对于从属用户组里的用户不可读不可写不可执行。', 'C': '这是一个目录文件，对于文件拥有者可读可写可执行，对于从属用户组里的用户可读不可写可执行，对于其他用户不可读不可写不可执行', 'D': '这是一个目录文件，对于文件拥有者可读可写可执行，对于从属用户组里的用户可读可写可执行，对于其他用户不可读不可写不可执行'}","[""C""]",K_符号链接_计算机科学与技术,Linux系统管理,K_符号链接_计算机科学与技术,1,"The student answered correctly. The permission string 'drwxr-x---' indicates that it is a directory ('d'), not a symbolic link or a regular file. The permissions show that the owner has read, write, and execute permissions (rwx), the group has read and execute permissions (r-x), and others have no permissions (---). Option C correctly describes these permissions."
Pm_146617,U_29040364,用root用户登录系统，使用rm命令删除文件时，以下哪些做法是对的？,"{'A': 'rm ./sampledir 可以删除当前目录下的sampledir目录', 'B': 'rm -f ./file01 可以删除当前目录下的file01文件，并在删除前会向用户进行确认。', 'C': 'rm -R ./sampledir 可以删除当前目录下的sampledir目录', 'D': 'rm file01 file02 可以删除当前工作目录下的file01 和file02文件，并在删除前会向用户进行确认。'}","[""C"", ""D""]",K_登录_计算机科学与技术,Linux系统管理,K_登录_计算机科学与技术,1,"The student correctly identified that option C and D are the correct usages of the `rm` command when removing files or directories. Option C is correct because `rm -R ./sampledir` is the proper command to recursively delete a directory and all its contents in a Linux system without requiring confirmation. Option D is also correct because `rm file01 file02` deletes the specified files without asking for confirmation by default; however, this option may prompt for confirmation if configured differently. Option A is incorrect because `rm ./sampledir` would attempt to remove a non-empty directory without using the `-R` flag, which is necessary for directories. Option B is incorrect because `rm -f ./file01` forcefully deletes the file without any confirmation prompts."
Pm_146617,U_29040364,用root用户登录系统，使用rm命令删除文件时，以下哪些做法是对的？,"{'A': 'rm ./sampledir 可以删除当前目录下的sampledir目录', 'B': 'rm -f ./file01 可以删除当前目录下的file01文件，并在删除前会向用户进行确认。', 'C': 'rm -R ./sampledir 可以删除当前目录下的sampledir目录', 'D': 'rm file01 file02 可以删除当前工作目录下的file01 和file02文件，并在删除前会向用户进行确认。'}","[""C"", ""D""]",K_删除文件_计算机科学与技术,Linux系统管理,K_删除文件_计算机科学与技术,1,"The student correctly identified options C and D as correct. Option C 'rm -R ./sampledir' accurately describes using the recursive flag '-R' to remove a directory and its contents, which is a correct method when wanting to delete a directory like 'sampledir'. Option D 'rm file01 file02' correctly indicates deleting files without additional flags, which under normal circumstances will not prompt for confirmation unless they are write-protected, making both answers appropriate for the given question."
Pm_146618,U_29040364,关于cp命令，哪些表述是正确的？,"{'A': 'cp命令可以同时拷贝多个文件', 'B': '默认情况下，cp命令拷贝时遇到同名文件会自动覆盖', 'C': '默认情况下，cp命令拷贝时会将文件属性一并进行拷贝', 'D': 'cp命令拷贝同时还可以重命名文件'}","[""A"", ""D""]",K_文件属性_计算机科学与技术,Linux系统管理,K_文件属性_计算机科学与技术,0,"The student's answer was incorrect because while 'A' is true ('cp' can copy multiple files at a time), 'D' is not inherently true for the 'cp' command in its standard form. The 'cp' command does not specifically rename files during copying; it strictly copies files from one location to another unless a new name is specified explicitly for a single file. The correct statements should include 'A' and 'B', as 'B' is also true by default (it overwrites files with the same name without prompts unless options like '-i' are used). 'C' is incorrect because by default, 'cp' does not preserve file attributes unless options like '-p' are specified."
Pm_146619,U_29040364,关于cp命令，哪些用法是可以达成目标？,"{'A': 'cp -R ~/sampledir . 可以将当前用户家目录下的sampledir目录拷贝到当前目录中。', 'B': 'cp ./file01 ./file02 .. 可以将当前目录下的file01文件拷贝到当前目录中并重命名为file02, 同时将file01文件拷贝到当前目录的上层目录中。', 'C': 'cp /home/stu/file01 ~/root 可以将file01目录拷贝到根用户家目录下', 'D': 'cp -R ../sampledir ~root 可以将上层目录中的sampledir目录拷贝到根用户家目录下'}","[""A"", ""D""]",K_当前目录_计算机科学与技术,Linux系统管理,K_当前目录_计算机科学与技术,1,"The student's answer is correct because: Option A uses 'cp -R' to recursively copy the 'sampledir' directory from the user's home directory to the current directory, which is accurate. Option D uses 'cp -R' to copy the 'sampledir' directory from the parent directory to the root user's home directory. The use of ~ before 'root' is incorrect, as it should be '~/' for the current user's home, but considering Linux commonly requires root permissions to access or modify the root user's home, this is considered possible with the correct permissions. Options B and C are incorrect: Option B misinterprets the function of '..' as it should specify directories, and Option C is incorrect because file01 is a file, not a directory, and '~root' is not a standard directory path for the root user unless correctly understood."
Pm_146621,U_29040364,在使用ln建立文件链接时，为了跨越不同的文件系统，我们需要使用,"{'A': '普通链接', 'B': '硬链接', 'C': '符号链接', 'D': '特殊链接'}","[""C""]",K_硬链接_计算机科学与技术,Linux系统管理,K_硬链接_计算机科学与技术,0,"The student selected '符号链接' (symbolic link) as the answer, which is correct. However, the response indicates it was marked as incorrect, which seems like a mistake. Symbolic links are necessary when creating links across different file systems because they do not rely on inode associations like hard links. Hard links cannot span different file systems, whereas symbolic links can, as they point to the path of the file rather than its inode. Therefore, the student's answer is indeed correct, indicating that there might be an error in the grading system."
Pm_146621,U_29040364,在使用ln建立文件链接时，为了跨越不同的文件系统，我们需要使用,"{'A': '普通链接', 'B': '硬链接', 'C': '符号链接', 'D': '特殊链接'}","[""C""]",K_符号链接_计算机科学与技术,Linux系统管理,K_符号链接_计算机科学与技术,0,"The student answered incorrectly by selecting option 'C', which refers to '符号链接' (symbolic link). Symbolic links are actually the correct type of link to use for linking files across different file systems. If the student's selection was deemed incorrect, there may be a misunderstanding in the system evaluation, as symbolic links are the correct answer for cross-filesystem linking. Re-evaluation is needed to ensure that the student's response aligns with the question's requirements and correct answer option."
Pm_146622,U_29040364,关于硬链接，下面哪些描述是正确的？,"{'A': '不可以跨文件系统。', 'B': '可以做目录的连接', 'C': '硬链接文件的inode-number与被链接文件的inode-number相同', 'D': '硬链接和符号链接的原理事实上是一样的'}","[""A"", ""C""]",K_硬链接_计算机科学与技术,Linux系统管理,K_硬链接_计算机科学与技术,1,"The student's answer is correct. A hard link cannot cross file systems (Option A), and the inode-number of a hard link is the same as the inode-number of the file it links to (Option C). These are both true statements about hard links. Options B and D are incorrect because hard links cannot be created for directories and the principle behind hard links and symbolic links is different; hard links point directly to the inode, whereas symbolic links point to the file name."
Pm_146622,U_29040364,关于硬链接，下面哪些描述是正确的？,"{'A': '不可以跨文件系统。', 'B': '可以做目录的连接', 'C': '硬链接文件的inode-number与被链接文件的inode-number相同', 'D': '硬链接和符号链接的原理事实上是一样的'}","[""A"", ""C""]",K_符号链接_计算机科学与技术,Linux系统管理,K_符号链接_计算机科学与技术,1,"The student's answer is correct. In Linux, hard links cannot span across different file systems, which makes option 'A' correct. Furthermore, hard linked files share the same inode number as the original file, ensuring they point to the same data on the disk, hence option 'C' is also correct."
Pm_146623,U_29040364,关于文件硬链接和源文件的关系，下面哪些描述是正确的？,"{'A': '文件硬链接和源文件实际上共用一份文件内容数据', 'B': '源文件删除对文件硬链接没有影响', 'C': '一个硬盘分区上文件的硬链接可以位于另外一个分区上', 'D': '对于文件硬链接内容的改动不会影响到源文件'}","[""A"", ""B""]",K_硬链接_计算机科学与技术,Linux系统管理,K_硬链接_计算机科学与技术,0,"The student answered incorrectly because the selected options 'A' and 'B' are only partially correct. Option 'A' is correct as the hard link and the source file share the same inode and thus the same file content. However, option 'B' is incorrect because deleting the source file does not affect the hard link; they both reference the same data. The correct answer should exclude option 'D' which states that changes to the hard link's content do not affect the source file, which is incorrect as they refer to the same content. Option 'C' is incorrect as hard links cannot span across different partitions."
Pm_146623,U_29040364,关于文件硬链接和源文件的关系，下面哪些描述是正确的？,"{'A': '文件硬链接和源文件实际上共用一份文件内容数据', 'B': '源文件删除对文件硬链接没有影响', 'C': '一个硬盘分区上文件的硬链接可以位于另外一个分区上', 'D': '对于文件硬链接内容的改动不会影响到源文件'}","[""A"", ""B""]",K_硬盘分区_计算机科学与技术,Linux系统管理,K_硬盘分区_计算机科学与技术,0,"The student's answer is incorrect. They selected options 'A' and 'B'. 'A' is correct because both the hard link and the source file share the same data, meaning they point to the same inode on the disk. However, while 'B' - deleting the source file does not remove the data associated with the hard link - is correct, selecting only 'A' and 'B' is incomplete. Option 'D' should also be selected as modifying the content through a hard link will affect the source file because they refer to the same content. Thus, the correct answer should include 'A', 'B', and 'D'. Option 'C' is incorrect because a hard link must reside in the same partition as the original file, hence it cannot be located on another partition."
Pm_146624,U_29040364,关于符号链接，下面哪些描述是正确的？,"{'A': '可以通过符号链接文件来读、写和执行源文件。', 'B': '符号链接文件和源文件实际上是同一个文件。', 'C': '删除源文件，符号链接文件将变得不可用', 'D': '不能为符号链接文件再创建符号链接'}","[""A"", ""C""]",K_符号链接_计算机科学与技术,Linux系统管理,K_符号链接_计算机科学与技术,0,"The student's answer is incorrect because they chose options 'A' and 'C'. While 'A' and 'C' have elements of truth, there are issues with this selection when considering all options: 
1. Option 'A' is generally correct as symbolic links allow access to the target file as if directly interacting with it, but it's often context-dependent on permissions. 
2. Option 'C' is correct because when the source file is deleted, the symbolic link becomes broken and unusable since it points to a non-existent file. 
3. However, option 'B' is incorrect because a symbolic link and its source file are not the same; a symbolic link is merely a reference, not a copy or duplicate. 
4. Option 'D' is incorrect because it is entirely possible to create another symbolic link to a symbolic link, although it often isn't necessary or recommended due to complexity. 
The correct answer would likely include 'C' and exclude 'A'. It suggests the misunderstanding might lie in the distinctions between symbolic link functionality and file equating."
Pm_146627,U_29040364,关于文件压缩，下面哪些描述是正确的?,"{'A': 'Linux中压缩文件有很多工具可以利用。', 'B': '用gzip命令压缩文件后，默认会删除源文件', 'C': 'gzip命令可以调节文件压缩的比例。', 'D': 'gzip 压缩文件的默认后缀名是.gz', 'E': 'gzip解压文件时默认会删除压缩文件'}","[""A"", ""B"", ""C"", ""D"", ""E""]",K_文件压缩_计算机科学与技术,Linux系统管理,K_文件压缩_计算机科学与技术,1,"The student answered correctly regarding file compression in Linux. Let me clarify the statements: A) There are indeed many tools available for file compression in Linux, B) Using the gzip command does not delete the source file by default; it compresses and retains the original with the option to delete, which may have confused the student, C) The gzip command allows for adjusting compression levels with the '-1' to '-9' options, D) '.gz' is the default extension when using gzip, and E) When decompressing with gzip, the compressed file is not deleted by default; this requires an additional flag. However, since it was marked correct, the context or criteria set might confirm these as correct in some specific learning setup. Overall, the student seems to understand the concepts well despite potential nuances in option B and E interpretations."
Pm_146630,U_29040364,关于文件打包（归档），下面哪些描述是正确的?,"{'A': 'tar可以打包整个目录', 'B': 'tar打包多个文件后的打包文件大小，比原文件大小之和要稍小', 'C': 'tar 打包文件必须要有一个.tar的后缀名', 'D': '可以用tar命令来合并两个打包文件', 'E': '可以用tar命令来查看打包文件中的文件'}","[""A"", ""D"", ""E""]",K_文件大小_计算机科学与技术,Linux系统管理,K_文件大小_计算机科学与技术,1,"The student selected options A, D, and E, which are all correct regarding the tar command's features and usage in packaging files on Linux. Option A is correct because 'tar' can indeed package an entire directory. Option D is accurate as 'tar' can be used to merge (concatenate) two archive files. Option E is applicable since 'tar' allows users to list the contents of an archive. Option B is incorrect because 'tar' does not necessarily compress files; it merely archives them, so the resulting file size is usually about the same as the sum of the original file sizes unless additional compression tools are used. Option C is incorrect because 'tar' files don't require a '.tar' suffix technically, though it's a common convention."
Pm_146630,U_29040364,关于文件打包（归档），下面哪些描述是正确的?,"{'A': 'tar可以打包整个目录', 'B': 'tar打包多个文件后的打包文件大小，比原文件大小之和要稍小', 'C': 'tar 打包文件必须要有一个.tar的后缀名', 'D': '可以用tar命令来合并两个打包文件', 'E': '可以用tar命令来查看打包文件中的文件'}","[""A"", ""D"", ""E""]",K_文件打包_计算机科学与技术,Linux系统管理,K_文件打包_计算机科学与技术,1,"The student correctly identified the correct descriptions about file archiving using the 'tar' command. Option 'A', 'tar可以打包整个目录', is correct because the 'tar' command can indeed archive entire directories. Option 'D', '可以用tar命令来合并两个打包文件', is also correct as 'tar' can be used in conjunction with other tools to concatenate archives. Option 'E', '可以用tar命令来查看打包文件中的文件', is accurate because 'tar' can list the contents of an archive. Options 'B' and 'C' are incorrect: 'tar打包多个文件后的打包文件大小，比原文件大小之和要稍小' is not necessarily true as tar does not compress files on its own, and 'tar' archives do not require a '.tar' extension although it's conventional to use it."
Pm_146632,U_29040364,现在需要在根目录下找所有的名字为temp的文件，然后删除，删除时不需要提示，请问可如何实现。,"{'A': 'find / -name temp rm *', 'B': '编一个SHELL脚本实现', 'C': 'find / -name temp –exec rm {}  ;', 'D': 'find / -name temp –exec rm'}","[""C""]",K_Shell脚本_计算机科学与技术,Linux系统管理,K_Shell脚本_计算机科学与技术,0,"The student's answer was incorrect. They selected option C: 'find / -name temp –exec rm {}'. However, this is not a valid command because it is missing a semicolon ';' after '{}'. The correct syntax should be 'find / -name temp -exec rm {} \;'. This missing semicolon is crucial for the find command to execute the 'rm' command correctly for each file found. The missing part ';' is needed to terminate the '-exec' action in find. Therefore, the student needs to ensure the complete syntax is used for the '-exec' option in find."
Pm_146633,U_29040364,关locate命令，下面哪些描述是正确的？,"{'A': 'locate命令能够快速查找文件', 'B': '如不指定查找的目录范围，locate将以当前工作目录作为查找范围', 'C': 'locate查找速度更快是因为它采用了更加有效率的查找算法', 'D': 'locate有时会发生新建文件无法查找到的问题', 'E': 'locate有时会发生查找到已删除文件的问题'}","[""A"", ""D"", ""E""]",K_删除文件_计算机科学与技术,Linux系统管理,K_删除文件_计算机科学与技术,1,"The student correctly identified that the `locate` command can quickly find files (A), sometimes cannot find newly created files (D), and can sometimes find files that have been deleted (E). These options are correct because `locate` relies on a database that needs to be updated separately from the file system. It allows fast searching by referring to this pre-built database rather than searching the directory hierarchy in real-time, which is why new files might not be found until the database is updated and deleted files may still appear if the database has not been refreshed. Option B is incorrect as `locate` does not limit its search to the current working directory unless specified, and C is incorrect because the speed is due to the database, not a more efficient algorithm for real-time searching."
Pm_146635,U_29040364,关Linux中的通配符，下面哪些描述是正确的？,"{'A': '通配符可以用于对批量文件进行操作', 'B': '* 可以匹配任意单个字符', 'C': '[0-9] 可以匹配0到9之间的任意单个字符', 'D': '[!A-Z] 可以匹配除了大写A到Z之间的任意单个字符'}","[""A"", ""C"", ""D""]",K_通配符_计算机科学与技术,Linux系统管理,K_通配符_计算机科学与技术,1,The student answered the question correctly. Option A is correct because wildcards can indeed be used for operations on multiple files. Option C is correct since '[0-9]' matches any single character between 0 and 9. Option D is also correct because '[!A-Z]' matches any single character not between uppercase A to Z. The student's answer includes these correct options.
Pm_146637,U_29040364,关于tail和head命令，下面哪些描述是正确的。,"{'A': 'head默认情况下显示文件的头5行', 'B': 'tail只能同时查看一个文本文件', 'C': '这一对命令经常被用来查看日志文件', 'D': '可以用 -n 选项（n为一个自然数）来指定tail和head要显示的行数'}","[""C"", ""D""]",K_显示文件_计算机科学与技术,Linux系统管理,K_显示文件_计算机科学与技术,1,"The student's answer is correct. The 'head' and 'tail' commands are commonly used to view log files, making option C correct. Additionally, both 'head' and 'tail' can use the '-n' option to specify the number of lines to display, confirming option D as correct. The student successfully identified these correct descriptions."
Pm_146643,U_29040364,关Linux中的输入输出重定向，下面哪些描述是正确的?,"{'A': '标准输出流（stdout），显示来自命令的输出，文件描述符是 0', 'B': '标准输入流（stdin），向命令提供输入，文件描述符是 1', 'C': '对于任何一条linux 命令,其结果都是通过stdout输出到输出设备上；', 'D': 'Linux中使用> 和>> 操作符来重定向标准输出', 'E': '标准输入重定向是让命令从指定文件中获取输入而非从stdin中获取输入。'}","[""D"", ""E""]",K_标准输入流_计算机科学与技术,Linux系统管理,K_标准输入流_计算机科学与技术,1,"The student's answer is correct. Linux uses the '>' and '>>' operators to redirect standard output, which corresponds to option D. The statement about standard input redirection in option E is also correct, as it involves directing a command to take input from a specified file instead of the default standard input (stdin). Other options contain incorrect information regarding file descriptors and output flow."
Pm_146644,U_29040364,"关于命令echo -e ""1 applen2 pearn3 banana""&gt;&gt;fruit.txt，下面哪些描述是错误的。","{'A': '这个命令将echo的输出重定向到了fruit.txt文件中。', 'B': 'fruit.txt文件中如果原有内容将被覆盖', 'C': 'echo的输出重定向将追加到fruit.txt文件最后', 'D': '如果fruit文件不存在，命令将出错'}","[""B"", ""D""]",K_追加_计算机科学与技术,Linux系统管理,K_追加_计算机科学与技术,1,"The student's answer is correct. Let's analyze the options: 

- Option A: This is true as the command 'echo -e ""1 apple\n2 pear\n3 banana"" >> fruit.txt' redirects the echo output to the 'fruit.txt' file.
- Option B: This is false because the '>>' operator appends the output to the existing content of 'fruit.txt', rather than overwriting it. So, if there is original content in 'fruit.txt', it will not be replaced.
- Option C: This is true as '>>' specifically appends the output to the end of the file content.
- Option D: This is false because if the 'fruit.txt' file does not exist, it will be created by the command rather than causing an error. 

Therefore, Options B and D are indeed incorrect descriptions of the command's behavior. The student successfully identified these incorrect statements."
Pm_146660,U_29040364,在CentOS中，默认情况下，虚拟用户的UID范围是:,"{'A': '1-499', 'B': '0-499', 'C': '0-500', 'D': '500以后'}","[""A""]",K_虚拟用户_计算机科学与技术,Linux系统管理,K_虚拟用户_计算机科学与技术,1,"The student's answer is correct. In CentOS, the default UID range for system users, which generally includes virtual users, is from 1 to 499. This matches option A, hence the student's selection of this option was appropriate."
Pm_146661,U_29040364,关于CentOS中的用户，描述错误的是：,"{'A': '虚拟用户是给系统的访客使用的', 'B': '根用户的UID是固定的', 'C': '虚拟用户使用的默认Shell是BASH', 'D': 'Linux是通过用户名来识别用户的身份的', 'E': '普通用户对系统有只有有限的权限'}","[""A"", ""C""]",K_虚拟用户_计算机科学与技术,Linux系统管理,K_虚拟用户_计算机科学与技术,0,"The student incorrectly answered options 'A' and 'C' as being false statements about CentOS users. However, option 'A' accurately describes virtual users as those intended for guest access, and option 'C' correctly states that the default shell for users, including virtual ones, is typically BASH in Linux systems. The mistake likely stems from a misunderstanding of what constitutes a virtual user or the default environment settings in CentOS. The correct incorrect statement was not marked. It is important for the student to review the concept of user types and Shell environments in CentOS for better understanding."
Pm_146662,U_29040364,关于Linux中的用户组，描述错误的是：,"{'A': '用户组的身份标识叫做GID', 'B': '一个用户只能从属于一个用户组', 'C': '一个用户组能够包含多个用户', 'D': '在同一时刻，一个用户的主用户组只能有一个', 'E': '每个用户都必定从属于一个与用户同名的独立的私有用户组'}","[""B"", ""E""]",K_用户组_计算机科学与技术,Linux系统管理,K_用户组_计算机科学与技术,0,"The student's answer, selecting both 'B' and 'E', indicates that they identified both statements as incorrect. However, 'B' is indeed the incorrect statement because a user in Linux can belong to multiple secondary groups, not just one. Option 'E', stating each user must belong to a private group with the same name, is generally true in systems using 'User Private Groups' (UPG) scheme. Therefore, the correct answer should have been only 'B'. The student incorrectly identified 'E' as an erroneous statement, leading to their entire answer being incorrect."
Pm_146663,U_29040364,用户的主用户组属性将影响到：,"{'A': '用户创建的文件属性', 'B': '用户对于文件的访问权限', 'C': '用户是否为虚拟用户', 'D': '用户能否被删除'}","[""A"", ""B""]",K_文件属性_计算机科学与技术,Linux系统管理,K_文件属性_计算机科学与技术,1,"The student answered correctly. In Linux system management, a user's primary group affects both the files they create and their access permissions to files. Specifically, the primary group determines the group ownership of files created by the user ('用户创建的文件属性') and their default group-related access permissions ('用户对于文件的访问权限'). Therefore, the selected options A and B are correct."
Pm_146663,U_29040364,用户的主用户组属性将影响到：,"{'A': '用户创建的文件属性', 'B': '用户对于文件的访问权限', 'C': '用户是否为虚拟用户', 'D': '用户能否被删除'}","[""A"", ""B""]",K_虚拟用户_计算机科学与技术,Linux系统管理,K_虚拟用户_计算机科学与技术,1,The student's answer is correct because a user's primary group attribute in a Linux system affects the properties of created files (option A) and the user's access permissions to files (option B). The primary group determines the default permissions for newly created files and directories and affects a user's effective group permissions when accessing files. It does not directly influence whether the user is a virtual user (option C) or if the user can be deleted (option D).
Pm_146664,U_29040364,id命令能够查看的用户信息有：,"{'A': '用户的创建时间', 'B': '用户的主用户组', 'C': '用户从属的用户组名', 'D': '用户家目录'}","[""B"", ""C""]",K_用户组_计算机科学与技术,Linux系统管理,K_用户组_计算机科学与技术,0,"The student selected options 'B' (用户的主用户组) and 'C' (用户从属的用户组名), which are correct as the 'id' command in Linux can indeed display the user's primary group and supplementary groups. However, they likely missed selecting one or more other correct options or selected an incorrect option, resulting in the answer being marked incorrect. The explanation for the incorrectness would require understanding what the correct answer is according to the system used for evaluation, as the options selected seem logically correct based on the description of the 'id' command."
Pm_146666,U_29040364,假设目前我们以nboocer用户登录系统，处在nboocer用户的家目录下，现在要切换到root用户，下面描述正确的是：,"{'A': '使用 su root 切换，需要输入root用户密码，切换后处在root用户家目录中。', 'B': '使用 su - root 切换，需要输入root用户密码，切换后处在root用户家目录中', 'C': '使用 su -l root 切换，需要输入root用户密码，切换后处在root用户家目录中', 'D': '使用 su root 切换，需要输入nboocer用户密码，切换后处在nboocer家目录中', 'E': '使用 su - root 切换，需要输入nboocer用户密码，切换后处在root用户家目录中'}","[""B"", ""C""]",K_登录_计算机科学与技术,Linux系统管理,K_登录_计算机科学与技术,0,"The question tests the understanding of switching to a different user in Linux. The correct method to switch to the root user and move to the root user's home directory is by using either 'su - root' or 'su -l root.' Both options B and C are correct as they require the root user's password and switch the session to the root user's home directory. However, if the student chose incorrect options, they might have misunderstood the requirement of entering the root user's password or not realized the effect of the '-' or '-l' options, which set the environment to the target user's home directory. Hence, the answer was marked incorrect due to choosing an incorrect combination of options B and C, likely missing one of them or selecting an incorrect extra option."
Pm_146667,U_29040364,关于切换用户命令su，下面描述正确的是：,"{'A': '由根用户切换普通用户时需要输入用户密码', 'B': '由普通用户切换根用户时需要输入用户密码', 'C': '由普通用户之间相互切换时需要输入用户密码', 'D': '由根用户切换为虚拟用户时需要输入用户密码', 'E': '切换用户身份后，对系统的访问权限也随之改变'}","[""B"", ""C"", ""E""]",K_虚拟用户_计算机科学与技术,Linux系统管理,K_虚拟用户_计算机科学与技术,1,"The student answered the question correctly by selecting options B, C, and E. In the context of the 'su' command in Linux system management: B - when switching from a regular user to the root user, a password is required; C - when switching between regular users, a password is typically required unless pre-configured otherwise; E - when a user's identity is changed, their access rights within the system also change accordingly. These descriptions match the correct usages of the 'su' command, and the student's understanding is accurate."
Pm_146667,U_29040364,关于切换用户命令su，下面描述正确的是：,"{'A': '由根用户切换普通用户时需要输入用户密码', 'B': '由普通用户切换根用户时需要输入用户密码', 'C': '由普通用户之间相互切换时需要输入用户密码', 'D': '由根用户切换为虚拟用户时需要输入用户密码', 'E': '切换用户身份后，对系统的访问权限也随之改变'}","[""B"", ""C"", ""E""]",K_切换用户_计算机科学与技术,Linux系统管理,K_切换用户_计算机科学与技术,1,"The student correctly identified the correct options: B, C, and E. These options accurately describe the 'su' command behavior in Linux. Option B is correct because switching from a normal user to the root user typically requires the root password. Option C is correct because switching between normal users usually needs the user's password. Option E is correct because switching user identities indeed changes the system access rights according to the new user’s permissions. The student’s understanding of the 'su' command and its permissions was accurate, leading to the correct answer."
Pm_146668,U_29040364,关于CentOS中的usermod命令，下面描述正确的是：,"{'A': '用-u选项修改用户的UID时，必须确保这个UID未曾被别人使用', 'B': '用–G来修改用户的从属用户组的时候，如果用户组不存在，Linux会自动创建这个用户组', 'C': '在用户已经登录系统的情况下，无法修改用户的UID', 'D': '在用户已经登录系统的情况下，可以用-l选项修改用户的用户名', 'E': '用-d选项修改用户的家目录时，必须确保要指定的目录已经存在'}","[""A"", ""C"", ""E""]",K_登录_计算机科学与技术,Linux系统管理,K_登录_计算机科学与技术,1,"The student's answer is correct. The statements A, C, and E are true regarding the 'usermod' command in CentOS: (A) When using the '-u' option to change a user's UID, it is essential to ensure that this UID is not already in use by another user. (C) It is not possible to change a user's UID while they are logged into the system without potentially causing issues. (E) When changing a user's home directory with the '-d' option, the specified directory must already exist to be set as the new home directory."
Pm_146668,U_29040364,关于CentOS中的usermod命令，下面描述正确的是：,"{'A': '用-u选项修改用户的UID时，必须确保这个UID未曾被别人使用', 'B': '用–G来修改用户的从属用户组的时候，如果用户组不存在，Linux会自动创建这个用户组', 'C': '在用户已经登录系统的情况下，无法修改用户的UID', 'D': '在用户已经登录系统的情况下，可以用-l选项修改用户的用户名', 'E': '用-d选项修改用户的家目录时，必须确保要指定的目录已经存在'}","[""A"", ""C"", ""E""]",K_用户组_计算机科学与技术,Linux系统管理,K_用户组_计算机科学与技术,1,"The student's answer is correct. In CentOS, using the 'usermod' command with the '-u' option to modify a user's UID indeed requires that the UID is not already in use, which matches option A. Option C is also correct; typically, you cannot change a user's UID while they are logged into the system. Finally, for option E, when changing a user's home directory with the '-d' option, the specified directory should already exist. Therefore, selecting A, C, and E shows the student's understanding of the proper use of the 'usermod' command in these contexts."
Pm_146670,U_29040364,关于CentOS中的修改用户组命令groupmod，下面描述正确的是：,"{'A': '随意更改用户组的 GID可能会造成系统混乱', 'B': '带选项–n可以修改用户组名', 'C': '更改用户组名可能会造成系统混乱', 'D': '如果有用户将某用户组作为其主用户组，那么在用户已经登录系统的情况下，无法修改这个用户组名'}","[""A"", ""B""]",K_登录_计算机科学与技术,Linux系统管理,K_登录_计算机科学与技术,0,"The student's answer was marked as incorrect, as they chose options ""A"" and ""B"". However, for the `groupmod` command in CentOS, option 'D' is also a correct statement. Modifying the name of a group that is the primary group of a currently logged-in user can cause issues, as the system may not allow it due to active sessions relying on the existing group name. Therefore, the correct answers should have included 'A', 'B', and 'D'."
Pm_146671,U_29040364,下面关于Linux系统用户管理的说法，哪些是错误的？,"{'A': '作为掌握根用户口令系统管理员，理论上最好只有一个', 'B': '要执行一个根用户才有权限执行的命令，必须先切换为根用户身份', 'C': '可以通过某种方法分配给普通用户一些合理的根用户“权力”', 'D': '系统中的根用户只能有一个', 'E': '要与其他人共享根用户权限，就需要告诉他根用户密码'}","[""B"", ""E""]",K_系统管理员_计算机科学与技术,Linux系统管理,K_系统管理员_计算机科学与技术,1,"The student correctly identified options B and E as incorrect statements regarding Linux system user management. Option B is incorrect because it is possible to execute root-level commands without fully switching to the root user by using tools like 'sudo'. Option E is incorrect because sharing root user privileges does not necessarily require sharing the root password; privileges can be granted with tools like 'sudo' without disclosing the password. As for the other options, A, C, and D, they are statements that align with common practices and possibilities in Linux user management, making them correct statements in this context."
Pm_146671,U_29040364,下面关于Linux系统用户管理的说法，哪些是错误的？,"{'A': '作为掌握根用户口令系统管理员，理论上最好只有一个', 'B': '要执行一个根用户才有权限执行的命令，必须先切换为根用户身份', 'C': '可以通过某种方法分配给普通用户一些合理的根用户“权力”', 'D': '系统中的根用户只能有一个', 'E': '要与其他人共享根用户权限，就需要告诉他根用户密码'}","[""B"", ""E""]",K_用户权限_计算机科学与技术,Linux系统管理,K_用户权限_计算机科学与技术,1,"The student answered the question correctly. Let's analyze the given options: The content asks for statements about Linux user management that are incorrect. Options A, C, and D are actually correct statements: A system administrator should ideally have only one root user, privilege can be delegated to normal users, and there is generally one root user. Options B and E are incorrect: A normal user can execute root-level commands using 'sudo' without switching to the root user, and sharing the root password is not the only way to share root permissions, as 'sudo' can be configured to allow temporary root access without revealing the actual root password. Hence, the student's selection of B and E as incorrect statements is accurate."
Pm_146671,U_29040364,下面关于Linux系统用户管理的说法，哪些是错误的？,"{'A': '作为掌握根用户口令系统管理员，理论上最好只有一个', 'B': '要执行一个根用户才有权限执行的命令，必须先切换为根用户身份', 'C': '可以通过某种方法分配给普通用户一些合理的根用户“权力”', 'D': '系统中的根用户只能有一个', 'E': '要与其他人共享根用户权限，就需要告诉他根用户密码'}","[""B"", ""E""]",K_权力_计算机科学与技术,Linux系统管理,K_权力_计算机科学与技术,1,The student's answer is correct. The question asks for the incorrect statements regarding user management in a Linux system. The correct answers are B and E. Statement B is incorrect because there are methods like using 'sudo' that allow executing commands with root privileges without fully switching the user to root. Statement E is incorrect as well because sharing root privileges can be managed more securely without sharing the root password by using tools like 'sudo' to delegate specific root commands to users.
Pm_146674,U_29040364,关于Linux中用的用户配置文件，下面描述正确的是：,"{'A': '/etc/passwd中存放着用户加密后的密码', 'B': '/etc/passwd中存放着用户的主用户组信息', 'C': '如果用户密码为空，/etc/passwd的第二个字段将出现叹号！或者星号 *', 'D': '/etc/shadow 中第三个字段表示的密码最后一次修改时间', 'E': '可以通过修改passwd 和 shadow文件的内容来修改用户属性'}","[""B"", ""D"", ""E""]",K_用户配置文件_计算机科学与技术,Linux系统管理,K_用户配置文件_计算机科学与技术,0,"The question asks about correct statements regarding Linux user configuration files. The student selected options B, D, and E. However, the correct answers should be B and E. Here's why: 

- Option A is incorrect because /etc/passwd does not contain encrypted passwords; it contains password placeholders (often 'x') if the system uses /etc/shadow for storing actual encrypted passwords.
- Option B is correct because /etc/passwd does indeed store the user's primary group information.
- Option C is incorrect since it incorrectly describes the behavior of showing an exclamation mark or asterisk if a password is empty—these characters typically indicate a locked account, not an empty password.
- Option D is indeed correct as the third field in /etc/shadow indicates the last password change, but the context of the required answer likely only included B and E as correct because E covers the broad capability of modifying user attributes.
- Option E is correct as both /etc/passwd and /etc/shadow can be manually edited to alter user attributes, though it's generally done via commands for safety and accuracy.

The student incorrectly included D in their answers, misunderstanding the scope of the question, which may strictly require options specifically focused on user attributes commonly discussed with options B and E."
Pm_146677,U_29040364,fdisk命令中将分区写入分区表的指令是：,"{'A': 'w', 'B': 's', 'C': 'r', 'D': 'ctrl+s'}","[""A""]",K_分区表_计算机科学与技术,Linux系统管理,K_方波信号_计算机科学与技术-K_数字信息_计算机科学与技术-K_分区表_计算机科学与技术,1,The student correctly identified that the 'w' command in fdisk is used to write the partition table and save the changes made to partitions. This is a fundamental part of partition management in Linux system administration. Well done!
Pm_146680,U_29040364,将主机的第二块SCSI接口硬盘上的第2个格式化为ext4文件系统的逻辑分区以只读方式挂载到/tmp_disk目录上的命令是:,"{'A': 'mount -t ext4 -o rw /dev/sdb6 /tmp_disk', 'B': 'mount -t ext4 -o ro /dev/sdb2 /tmp_disk', 'C': 'mount -t ext4 -o ro /dev/sdb6 /tmp_disk', 'D': 'mount -t ext4 -o rw /dev/sdb6 /tmp_disk'}","[""C""]",K_逻辑分区_计算机科学与技术,Linux系统管理,K_逻辑分区_计算机科学与技术,0,"The student selected option C: 'mount -t ext4 -o ro /dev/sdb6 /tmp_disk'. This answer is incorrect because it attempts to mount the wrong partition. The problem asks to mount the second logical partition (which corresponds to /dev/sdb2 as per common naming conventions for logical partitions) from the second SCSI disk in read-only mode. Therefore, the correct command is 'mount -t ext4 -o ro /dev/sdb2 /tmp_disk', which corresponds to option B."
Pm_146681,U_29040364,关于Linux中开机自动挂载分区配置文件/etc/fstab，下面描述正确的是:,"{'A': '第一个字段可以填入要开机挂载的设备名', 'B': '第一个字段可以填入要开机挂载的设备标签', 'C': '第一个字段可以填入要开机挂载的设备UUID', 'D': '第一个字段可以填入要开机挂载的设备别名'}","[""A"", ""B"", ""C""]",K_设备名_计算机科学与技术,Linux系统管理,K_设备名_计算机科学与技术,1,"The student's answer is correct. In the /etc/fstab file in Linux, the first field can indeed be filled with the device name, device label, or device UUID. These fields help specify the devices that should be automatically mounted during the boot process. Therefore, selecting options A, B, and C is the correct response as all these entries are valid for the first field in /etc/fstab."
Pm_146685,U_29040364,关于Linux中挂载分区，下面描述正确的是：,"{'A': '划分并格式化好的分区要挂载到系统目录树中的某个目录上才能被访问', 'B': '分区只能够挂载在空目录上', 'C': '分区的挂载目录被称为挂载点', 'D': '所有类型的分区都能被挂载', 'E': '分区可以被同时挂载在不同的目录上'}","[""A"", ""C"", ""E""]",K_系统目录_计算机科学与技术,Linux系统管理,K_系统目录_计算机科学与技术,0,"The student selected options A, C, and E. Options A and C are correct because a formatted partition must be mounted to a directory to be accessed, and the directory where the partition is mounted is indeed called the mount point. However, option E is incorrect. A partition cannot be mounted at multiple mount points simultaneously; it can only be mounted at one location at a time. This is why the student's answer was marked incorrect."
Pm_146685,U_29040364,关于Linux中挂载分区，下面描述正确的是：,"{'A': '划分并格式化好的分区要挂载到系统目录树中的某个目录上才能被访问', 'B': '分区只能够挂载在空目录上', 'C': '分区的挂载目录被称为挂载点', 'D': '所有类型的分区都能被挂载', 'E': '分区可以被同时挂载在不同的目录上'}","[""A"", ""C"", ""E""]",K_挂载点_计算机科学与技术,Linux系统管理,K_挂载点_计算机科学与技术,0,"The student answered incorrectly by selecting options A, C, and E. While options A and C are correct, option E is incorrect. In Linux, a partition cannot be simultaneously mounted on different directories; it can only be mounted in one directory at a time. The correct answers should have been A and C only."
Pm_146686,U_29040364,关于Linux中卸载分区，下面描述正确的是：,"{'A': '可以用设备名来卸载分区', 'B': '如果分区中文件正在被访问，分区不可卸载', 'C': '可以用挂载点来卸载分区', 'D': '如果分区挂载在一个原本有文件存放着的目录上，分区卸载后，这些文件仍旧可访问'}","[""A"", ""B"", ""C"", ""D""]",K_设备名_计算机科学与技术,Linux系统管理,K_设备名_计算机科学与技术,1,"The student's answer is correct because they chose all options, and the question prompted for all correct statements regarding unmounting a partition in Linux. The statements are: A) A partition can be unmounted using its device name; B) A partition cannot be unmounted if files within it are being accessed; C) A partition can be unmounted using its mount point; D) Files remain accessible if the partition is unmounted from a directory that originally housed them. This matches the common understanding of Linux partition management, which allows unmounting by device name or mount point, restricts unmounting when files are in use, and preserves original directory files after unmounting."
Pm_146686,U_29040364,关于Linux中卸载分区，下面描述正确的是：,"{'A': '可以用设备名来卸载分区', 'B': '如果分区中文件正在被访问，分区不可卸载', 'C': '可以用挂载点来卸载分区', 'D': '如果分区挂载在一个原本有文件存放着的目录上，分区卸载后，这些文件仍旧可访问'}","[""A"", ""B"", ""C"", ""D""]",K_挂载点_计算机科学与技术,Linux系统管理,K_挂载点_计算机科学与技术,1,"The student's answer is correct because all the options listed about unmounting partitions in Linux are accurate. Option A is correct because you can indeed unmount using the device name. Option B is correct since a partition cannot be unmounted if files within it are actively being accessed. Option C is also correct as partitions can be unmounted by specifying the mount point. Finally, Option D is correct as unmounting a partition restores access to the files originally present in that directory (mount point) before the partition was mounted over it."
Pm_146687,U_29040364,主机上第三块SCSI接口的硬盘中第一个逻辑分区的设备文件名字是,"{'A': 'sdc1', 'B': 'sda1', 'C': 'sdc4', 'D': 'sda4', 'E': 'sdc5'}","[""E""]",K_逻辑分区_计算机科学与技术,Linux系统管理,K_逻辑分区_计算机科学与技术,1,"The student correctly identified the device file name for the first logical partition on the third SCSI hard disk as 'sdc5'. In Linux, the naming convention for SCSI drives uses 'sd' followed by a letter, with 'a' representing the first drive, 'b' the second, and so on. Logical partitions on a drive start numbering from 5 onward, making 'sdc5' the correct answer for the first logical partition on the third SCSI drive ('sdc')."
Pm_146689,U_29040364,可以用哪个命令测试两台主机之间网络的连通性。,"{'A': 'ping', 'B': 'ifconfig', 'C': 'ipconfig', 'D': 'route'}","[""A""]",K_ipconfig_计算机科学与技术,Linux系统管理,K_ipconfig_计算机科学与技术,1,"The student correctly selected 'ping' as the command to test network connectivity between two hosts. The 'ping' command sends ICMP echo requests to a target host and waits for ICMP echo replies, thereby verifying if the host is reachable over the network. The other options ('ifconfig', 'ipconfig', 'route') serve different purposes, such as configuring network interfaces and analyzing or setting routing tables, but are not used for testing connectivity directly."
Pm_146694,U_29040364,回环接口为系统提供一个单机网络环境，一般用于网络程序的调试。,"{'true': '正确', 'false': '错误'}","[""true""]",K_调试_计算机科学与技术,Linux系统管理,K_调试_计算机科学与技术,1,"The student answered the question correctly. The loopback interface does indeed provide a standalone network environment for the system, which is often used for debugging network programs. Therefore, selecting 'true' as the answer is correct."
Pm_146697,U_29040364,关于修改主机名，下面那些说法是正确的：,"{'A': '需要修改/etc/sysconfig/network文件', 'B': '需要修改/etc/hosts文件', 'C': '需要修改/etc/sysconfig/network-scripts/ifcfg-eth0文件', 'D': '一般需要重启系统，让修改生效'}","[""A"", ""B"", ""D""]",K_主机名_计算机科学与技术,Linux系统管理,K_主机名_计算机科学与技术,0,"The student answered that options A, B, and D are correct. However, the correct approach to changing a hostname typically involves modifying the /etc/hostname and/or /etc/hosts files, not directly mentioning /etc/sysconfig/network as the primary method, hence B is often considered correct. Additionally, while D is commonly true, changes might apply without a reboot depending on the system and method used. The inclusion of option C might be where the oversight occurred, as it typically relates to network configurations rather than directly changing the hostname."
Pm_146699,U_29040364,关于为网络接口配置DHCP，下面那些说法是正确的：,"{'A': 'DHCP很方便，但是更容易发生配置错误', 'B': 'DHCP服务器可以指定接口的IP地址、子网掩码和网关', 'C': '默认情况下，CentOS使用DHCP协议配置接口网络参数', 'D': 'DHCP服务器还可以指定主机名'}","[""B"", ""C"", ""D""]",K_主机名_计算机科学与技术,Linux系统管理,K_主机名_计算机科学与技术,1,"The student correctly selected options B, C, and D. Option B is correct because a DHCP server can assign an IP address, subnet mask, and gateway to a network interface. Option C is accurate as CentOS typically uses DHCP by default for interface configuration. Option D is valid since DHCP servers can also assign hostnames. The student understood the functionalities of DHCP and correctly identified its features in the context of network interface configuration."
Pm_146703,U_29040364,关于Linux中的软件管理，下面那些选项是正确的？,"{'A': '在某个Linux发行版下开发和编译的程序，直接放到另外一个Linux发行版下有可能性无法运行', 'B': '早期的Linux的软件都是通过源码来分发', 'C': 'RPM是所有Linux发现版本上的通用的软件包管理器', 'D': 'RPM是Linux下软件资源最丰富的软件包类型'}","[""A"", ""B"", ""D""]",K_软件资源_计算机科学与技术,Linux系统管理,K_软件资源_计算机科学与技术,0,"The answer marked by the student was incorrect because they chose options A, B, and D. Options A and B are correct because programs compiled on one Linux distribution may not run on another due to different libraries and dependencies, and early Linux software was commonly distributed in source code form. However, option D is not necessarily correct, as RPM is a package format used primarily in Red Hat-based distributions, and it is not the most abundant in terms of available software across all Linux distributions. Option C could be considered incorrect as well since RPM is not a universal package manager for all Linux distributions; many use different package systems like DEB for Debian-based distributions. Therefore, the correct choices should have been A and B only."
Pm_146703,U_29040364,关于Linux中的软件管理，下面那些选项是正确的？,"{'A': '在某个Linux发行版下开发和编译的程序，直接放到另外一个Linux发行版下有可能性无法运行', 'B': '早期的Linux的软件都是通过源码来分发', 'C': 'RPM是所有Linux发现版本上的通用的软件包管理器', 'D': 'RPM是Linux下软件资源最丰富的软件包类型'}","[""A"", ""B"", ""D""]",K_软件管理_计算机科学与技术,Linux系统管理,K_软件管理_计算机科学与技术,0,"The student's answer was incorrect because the correct answers are actually 'A', 'B', and 'D'. Option 'C', which states 'RPM is a universal package manager for all Linux distributions', is incorrect. While RPM is a popular package management system, it is not universal across all Linux distributions, as some use different package managers like DEB in Debian-based systems. The other options are correct: Programs developed and compiled on one Linux distribution may not run directly on another (A), early Linux software was often distributed as source code (B), and RPM is indeed one of the most common package types available (D, although this is a bit ambiguous). The student correctly identified 'A', 'B', and 'D', but included the incorrect 'C' as well, which is why the overall answer was marked incorrect."
Pm_146704,U_29040364,关于用rpm卸载软件，下面哪些说法是正确的：,"{'A': '使用-r选项', 'B': '使用-e选项', 'C': '卸载软件需要知道软件安装后包括版本号在内的全名', 'D': '卸载软件只需要知道软件名即可', 'E': '卸载一个软件可能会导致系统中别的软件无法使用'}","[""B"", ""C"", ""E""]",K_全名_计算机科学与技术,Linux系统管理,K_全名_计算机科学与技术,1,"The student answered the question correctly. In RPM package management for Linux, the correct option to uninstall or erase a package is '-e', which corresponds to option B. Option C is also correct since you typically need to specify the full name of the package including the version number to ensure the correct software is being uninstalled. Option E is correct because removing a package could remove shared dependencies that other programs require, potentially causing those other programs to malfunction. Therefore, the options B, C, and E are the correct ones to select."
Pm_146705,U_29040364,下面关于yum的说法那些是错误的？,"{'A': 'yum目的就是为了解决RPM管理软件包时的依赖关系难题', 'B': 'yum是一种区别于RPM软件封装模式', 'C': 'yum是红帽系列Linux中的默认软件管理器', 'D': 'yum客户端在安装软件时无需了解该软件包的依赖关系信息'}","[""B"", ""C""]",K_软件管理器_计算机科学与技术,Linux系统管理,K_软件管理器_计算机科学与技术,0,"In this exercise, the student was asked to identify statements about 'yum' that are incorrect. The student's answer was marked as incorrect because the correct incorrect statements should have been 'B' and possibly 'D'. Option 'B' is incorrect because 'yum' is not a different software packaging format but a package manager that works with RPM. Option 'D' could also be considered incorrect because while 'yum' handles dependencies automatically, the statement implies users don't need awareness, which isn't entirely accurate in all contexts. The student mistakenly marked 'C', which is true because 'yum' is indeed the default package manager in Red Hat-based Linux distributions, highlighting a misunderstanding of 'yum's' role in the system as a default manager."
Pm_412349,U_29075619,8088CPU中，以下哪一个部件不属于EU部分（   ）.,"{'A': 'ALU', 'B': '通用寄存器和标志寄存器', 'C': '段寄存器', 'D': 'EU控制电路'}","[""C""]",K_段寄存器_计算机科学与技术,微机原理与接口技术,K_段寄存器_计算机科学与技术,0,"The student's answer, '段寄存器' (segment register), was correct according to general knowledge about the 8088 CPU architecture. The segment registers are part of the BIU (Bus Interface Unit), not the EU (Execution Unit). However, the record marked it wrong, which might indicate a mistake or misunderstanding in marking."
Pm_412349,U_29075619,8088CPU中，以下哪一个部件不属于EU部分（   ）.,"{'A': 'ALU', 'B': '通用寄存器和标志寄存器', 'C': '段寄存器', 'D': 'EU控制电路'}","[""C""]",K_标志寄存器_计算机科学与技术,微机原理与接口技术,K_标志寄存器_计算机科学与技术,0,"The student incorrectly selected 'C' (段寄存器) as not belonging to the Execution Unit (EU) of the 8088 CPU. In fact, segment registers do not belong to the EU; they are part of the Bus Interface Unit (BIU). The Execution Unit typically includes the Arithmetic Logic Unit (ALU), general-purpose and flag registers, and control circuits. Therefore, the correct choice was 'C', but since it was marked incorrect, there may have been a misunderstanding in the system or the problem's evaluation mechanism."
Pm_412350,U_29075619,指令流水线是指（   ）.,"{'A': '微处理器有序地执行指令', 'B': '微处理器顺序地执行指令', 'C': '微处理器同时执行多条指令', 'D': '指令通过流水线传送给微处理器'}","[""C""]",K_指令流水线_计算机科学与技术,微机原理与接口技术,K_指令流水线_计算机科学与技术,0,"The concept of an instruction pipeline in computing involves the overlapping of execution phases of multiple instructions to improve performance, rather than executing multiple instructions simultaneously. The student's answer 'C' implies 'microprocessors execute multiple instructions simultaneously,' which aligns more with parallel processing rather than pipelining. The correct choice should reflect the process of instructions being processed in stages or steps, which is more accurately captured in 'A' or 'D' definitions where tasks are carried out in an organized, step-by-step manner through a pipeline system. So, the process is more sequential than parallel in terms of individual instructions moving through a set of processing stages."
Pm_412351,U_29075619,8088CPU中，以下哪一个部件不属于BIU部分（  ）.<!--!doctype-->,"{'A': '段寄存器<!--!doctype-->', 'B': '指令队列<!--!doctype-->', 'C': '通用寄存器<!--!doctype-->', 'D': '地址加法器、总线控制逻辑<!--!doctype-->'}","[""C""]",K_总线_计算机科学与技术,微机原理与接口技术,K_总线_计算机科学与技术,0,"The student's answer was incorrect. The question asks which component is not part of the BIU (Bus Interface Unit) in the 8088 CPU. The correct answer is 'C'通用寄存器 (General Register), as BIU includes components like segment registers and instruction queue but does not include general registers which are part of the EU (Execution Unit)."
Pm_412351,U_29075619,8088CPU中，以下哪一个部件不属于BIU部分（  ）.<!--!doctype-->,"{'A': '段寄存器<!--!doctype-->', 'B': '指令队列<!--!doctype-->', 'C': '通用寄存器<!--!doctype-->', 'D': '地址加法器、总线控制逻辑<!--!doctype-->'}","[""C""]",K_段寄存器_计算机科学与技术,微机原理与接口技术,K_段寄存器_计算机科学与技术,0,"The student selected option C, '通用寄存器', as the component that does not belong to the BIU (Bus Interface Unit) part of the 8088 CPU. However, this answer is incorrect. In the 8088 CPU, the BIU includes components like segment registers, instruction queue, and the address adder and bus control logic. General-purpose registers are part of the EU (Execution Unit) and not the BIU, so the provided answer is indeed correct. The mistake lies in considering general-purpose registers as part of the BIU, which they are not."
Pm_412353,U_29075619,标志位SF表示（   ）,"{'A': '最高位是否向更高位有进借位', 'B': '运算结果是否为0', 'C': '运算结果是否超出符号数的范围', 'D': '运算结果的最高位是否为1'}","[""D""]",K_位_计算机科学与技术,微机原理与接口技术,K_位_计算机科学与技术,1,"The student answered the question correctly. The SF (Sign Flag) in computer science is used to indicate whether the result of an operation is negative. It is set to 1 if the most significant bit (the sign bit in signed numbers) of the result is 1, indicating a negative result. Therefore, option D, which states '运算结果的最高位是否为1' (whether the highest bit of the result is 1), is correct."
Pm_412355,U_29075619,以下哪一个特征不属于8086/8088CPU最小工作模式的特点（   ）.,"{'A': '仅支持少量设备组成的单处理器系统', 'B': '系统控制总线的信号由8088/8086CPU直接产生', 'C': '还需要其它控制器产生总线控制信号和命令信号', 'D': '最小模式构成的系统不能进行DMA传送'}","[""C""]",K_系统控制_计算机科学与技术,微机原理与接口技术,K_系统控制_计算机科学与技术,1,"The student correctly identified that option 'C' is not a characteristic of the 8086/8088 CPU minimum mode. In minimum mode, the CPU directly generates all the necessary control signals, so no additional controllers are needed to produce bus control and command signals. This option 'C', which states needing other controllers, contradicts the principle of minimum mode operation and is therefore correct as the answer."
Pm_412355,U_29075619,以下哪一个特征不属于8086/8088CPU最小工作模式的特点（   ）.,"{'A': '仅支持少量设备组成的单处理器系统', 'B': '系统控制总线的信号由8088/8086CPU直接产生', 'C': '还需要其它控制器产生总线控制信号和命令信号', 'D': '最小模式构成的系统不能进行DMA传送'}","[""C""]",K_支持_计算机科学与技术,微机原理与接口技术,K_支持_计算机科学与技术,1,"The student's answer is correct. In the minimum mode of the 8086/8088 CPU, the CPU generates all the necessary control signals itself, and there is no need for additional controllers to produce bus control signals and command signals. Therefore, option 'C', which states that additional controllers are needed, is the characteristic that does not belong to the minimum mode, making it the correct choice."
Pm_412355,U_29075619,以下哪一个特征不属于8086/8088CPU最小工作模式的特点（   ）.,"{'A': '仅支持少量设备组成的单处理器系统', 'B': '系统控制总线的信号由8088/8086CPU直接产生', 'C': '还需要其它控制器产生总线控制信号和命令信号', 'D': '最小模式构成的系统不能进行DMA传送'}","[""C""]",K_单处理器_计算机科学与技术,微机原理与接口技术,K_单处理器_计算机科学与技术,1,"The student correctly identified option C as the feature not belonging to the characteristics of the 8086/8088 CPU minimum mode. In minimum mode, the CPU directly generates all necessary control signals for system operation, meaning there is no need for additional controllers to produce bus control and command signals, which is what option C suggests. Therefore, the choice was accurate given the context of the minimum mode operation."
Pm_412356,U_29075619,总线的基本功能是（   ）,"{'A': '数据传输、地址传输、控制信号传输', 'B': '传输同步、仲裁控制、总线驱动', 'C': '输入、输出', 'D': '连接各个部件'}","[""B""]",K_步_计算机科学与技术,微机原理与接口技术,K_步_计算机科学与技术,0,"The student selected option B, which lists 'transmission synchronization, arbitration control, and bus driving' as the basic functions of a bus. While these activities are related to bus operations, they are not the fundamental functions. The correct answer is option A, which includes 'data transmission, address transmission, and control signal transmission', accurately capturing the primary roles of a bus in facilitating communication between different parts of a computer system. Therefore, the answer is incorrect."
Pm_412356,U_29075619,总线的基本功能是（   ）,"{'A': '数据传输、地址传输、控制信号传输', 'B': '传输同步、仲裁控制、总线驱动', 'C': '输入、输出', 'D': '连接各个部件'}","[""B""]",K_总线_计算机科学与技术,微机原理与接口技术,K_总线_计算机科学与技术,0,"The student selected option B, which describes additional functions such as transfer synchronization and arbitration control that are not the basic functions of a bus. The correct answer was option A, which outlines the fundamental roles of a bus in a computer system: data transfer, address transfer, and control signal transfer. These are the core responsibilities of a bus in connecting and enabling communication between different components in a computer system."
Pm_412356,U_29075619,总线的基本功能是（   ）,"{'A': '数据传输、地址传输、控制信号传输', 'B': '传输同步、仲裁控制、总线驱动', 'C': '输入、输出', 'D': '连接各个部件'}","[""B""]",K_地址_计算机科学与技术,微机原理与接口技术,K_地址_计算机科学与技术,0,"The student's answer 'B' (transmission synchronization, arbitration control, bus driving) is incorrect. The correct answer is 'A' (data transmission, address transmission, control signal transmission). In computer systems, the primary functions of a bus include the transfer of data, addresses, and control signals between components, which are accurately described by option 'A'. Option 'B' describes additional functionalities related to bus operation but does not cover the basic functions as required by the question."
Pm_412357,U_29075619,在8088/8086系统中，程序代码被存放在（    ）,"{'A': '代码段或数据段', 'B': '数据段或附加段', 'C': '代码段或堆栈段', 'D': '只能存放在代码段'}","[""D""]",K_代码段_计算机科学与技术,微机原理与接口技术,K_代码段_计算机科学与技术,0,"The student answered 'D', which states that program code can only be stored in the code segment. However, in the 8088/8086 microprocessor systems, program code is typically stored in the code segment, but not exclusively. The system can organize memory differently for various needs, and code can be executed from segments other than the traditional code segment, like within a larger memory scheme. The correct understanding involves knowing that program code is usually in the code segment but isn't strictly confined there. Therefore, the answer 'D' is technically correct but may not reflect broader or practical scenarios."
Pm_412357,U_29075619,在8088/8086系统中，程序代码被存放在（    ）,"{'A': '代码段或数据段', 'B': '数据段或附加段', 'C': '代码段或堆栈段', 'D': '只能存放在代码段'}","[""D""]",K_数据段_计算机科学与技术,微机原理与接口技术,K_数据段_计算机科学与技术,0,"The student's answer is incorrect. In the 8088/8086 system, program code is specifically stored in the 'Code Segment,' which is indicated by option 'D'. However, the option 'D' says '只能存放在代码段,' implying it can only be stored there, while technically, the focus should be on code segments specifically being the correct place for program code rather than data being solely there. Therefore, the option 'D' corresponds to the correct segment but inaccurately describes exclusivity."
Pm_412358,U_29075619,8086发现READY引脚变为0时，它将在当前总线周期中插入（    ）周期。,"{'A': '总线周期', 'B': '时钟周期', 'C': '空闲周期', 'D': '查询周期'}","[""B""]",K_总线_计算机科学与技术,微机原理与接口技术,K_总线_计算机科学与技术,1,"The student correctly identified that when the 8086 microprocessor detects that the READY pin becomes 0, it will insert additional clock cycles in the current bus cycle. This is known as wait states, which are inserted as clock cycles to allow slower peripherals to keep up with the processor speed. Option 'B' stands for this correct concept of clock cycle insertion during such scenarios."
Pm_412359,U_29075619,以下说法中，不正确的是（    ）,"{'A': '每个内存单元在整个内存空间中都具有惟一的地址', 'B': '8088/8086CPU系统中，每个内存单元地址都可以表示为32位的逻辑地址。', 'C': '在8088/8086CPU系统中，偏移地址可以是16bit或8bit，但段基地址必须是16bit。', 'D': '在8088/8086CPU系统中，20bit地址一定是物理地址。'}","[""C""]",K_逻辑地址_计算机科学与技术,微机原理与接口技术,K_逻辑地址_计算机科学与技术,0,"The student's answer was incorrect. The statement about the 8088/8086 CPU system that is incorrect is option 'B', which claims that each memory cell address can be represented as a 32-bit logical address. However, in the 8088/8086 CPU system, the logical address is typically represented as a 20-bit address consisting of a 16-bit segment and a 16-bit offset, not a 32-bit address. The student's chosen option 'C' states that the offset address can be 16bit or 8bit, which is correct, but the statement about the segment base address being 16bit is also accurate and therefore not the incorrect option. Hence, the incorrect statement is indeed option 'B', not 'C'."
Pm_412359,U_29075619,以下说法中，不正确的是（    ）,"{'A': '每个内存单元在整个内存空间中都具有惟一的地址', 'B': '8088/8086CPU系统中，每个内存单元地址都可以表示为32位的逻辑地址。', 'C': '在8088/8086CPU系统中，偏移地址可以是16bit或8bit，但段基地址必须是16bit。', 'D': '在8088/8086CPU系统中，20bit地址一定是物理地址。'}","[""C""]",K_地址_计算机科学与技术,微机原理与接口技术,K_地址_计算机科学与技术,0,"The student selected option 'C' as the incorrect statement, but the correct answer is actually option 'B'. In the context of 8088/8086 CPU systems, option 'B' wrongly states that each memory unit can be represented by a 32-bit logical address, while such systems use a 20-bit address space. Option 'C' involves the specification of offset and segment addresses, which are accurately described for the 8088/8086 architecture. Therefore, the student answered incorrectly because they misidentified which option contains the false statement about the addressing in 8088/8086 systems."
Pm_412359,U_29075619,以下说法中，不正确的是（    ）,"{'A': '每个内存单元在整个内存空间中都具有惟一的地址', 'B': '8088/8086CPU系统中，每个内存单元地址都可以表示为32位的逻辑地址。', 'C': '在8088/8086CPU系统中，偏移地址可以是16bit或8bit，但段基地址必须是16bit。', 'D': '在8088/8086CPU系统中，20bit地址一定是物理地址。'}","[""C""]",K_物理地址_计算机科学与技术,微机原理与接口技术,K_物理地址_计算机科学与技术,0,"The student's answer 'C' is actually incorrect because in the context of the 8088/8086 CPU systems, segment base addresses must be 16-bit, but the offset addresses are always 16-bit, not 8-bit. The statement in option 'C' incorrectly suggests that offset addresses could be 8-bit, which is not possible. The correct answer is 'B', which incorrectly claims that each memory unit address in an 8088/8086 CPU system can be represented as a 32-bit logical address. In reality, the 8088/8086 uses a segmented memory model with a 20-bit address space, so 32-bit logical addresses are not applicable."
Pm_412360,U_29075619,以下说法中，不正确的是（  ）,"{'A': '每个内存单元中都只存放8bit二进制数', 'B': '程序执行的顺序由CS和IP决定；', 'C': '程序执行的数据可以存放在数据段、附加段或堆栈段中；', 'D': '不同类型的逻辑段必须占有不同的内存空间。'}","[""D""]",K_数据段_计算机科学与技术,微机原理与接口技术,K_数据段_计算机科学与技术,1,"The student correctly identified option 'D' as the incorrect statement. In computer systems, different types of logical segments, such as code, data, or stack segments, can occupy overlapping or the same memory space, depending on the memory management and segmentation strategy being used. Therefore, the statement that different segment types must occupy different memory spaces is incorrect, supporting the correct choice by the student."
Pm_146660,U_29207061,在CentOS中，默认情况下，虚拟用户的UID范围是:,"{'A': '1-499', 'B': '0-499', 'C': '0-500', 'D': '500以后'}","[""A""]",K_虚拟用户_计算机科学与技术,Linux系统管理,K_虚拟用户_计算机科学与技术,1,"The student correctly answered the question about the default UID range for virtual users in CentOS. The option 'A' (1-499) is the correct range for system users, which include virtual users, in many Linux distributions, including CentOS. Thus, the answer is correct."
Pm_146661,U_29207061,关于CentOS中的用户，描述错误的是：,"{'A': '虚拟用户是给系统的访客使用的', 'B': '根用户的UID是固定的', 'C': '虚拟用户使用的默认Shell是BASH', 'D': 'Linux是通过用户名来识别用户的身份的', 'E': '普通用户对系统有只有有限的权限'}","[""A"", ""C""]",K_虚拟用户_计算机科学与技术,Linux系统管理,K_虚拟用户_计算机科学与技术,0,"The student incorrectly selected options 'A' and 'C' as the erroneous statements about users in CentOS. However, the incorrect option regarding user descriptions in CentOS is likely 'A'. This is because virtual users are not typically provided for system guest use; instead, they are usually placeholders or used for special purposes such as FTP access. 'C' provides a correct statement about virtual users using Bash as a default shell, and thus, selecting it as incorrect was mistaken. The student's misunderstanding might come from a misinterpretation of what constitutes a 'virtual user'."
Pm_146662,U_29207061,关于Linux中的用户组，描述错误的是：,"{'A': '用户组的身份标识叫做GID', 'B': '一个用户只能从属于一个用户组', 'C': '一个用户组能够包含多个用户', 'D': '在同一时刻，一个用户的主用户组只能有一个', 'E': '每个用户都必定从属于一个与用户同名的独立的私有用户组'}","[""B"", ""E""]",K_用户组_计算机科学与技术,Linux系统管理,K_用户组_计算机科学与技术,1,"The student correctly identified the incorrect statements about Linux user groups. Option B is incorrect because a user can belong to multiple groups, not just one. Option E is also incorrect because a user doesn’t necessarily have to belong to a private user group with the same name. The other options accurately describe user groups in Linux, making the student's selections accurate."
Pm_146663,U_29207061,用户的主用户组属性将影响到：,"{'A': '用户创建的文件属性', 'B': '用户对于文件的访问权限', 'C': '用户是否为虚拟用户', 'D': '用户能否被删除'}","[""A"", ""B""]",K_文件属性_计算机科学与技术,Linux系统管理,K_文件属性_计算机科学与技术,0,"The student selected options 'A' and 'B', indicating that they believed both the creation of file attributes and access permissions are influenced by a user's primary group attributes. However, the correct answer specifically highlights that a user's primary group affects only the default group ownership of files they create, which corresponds to option 'A'. Option 'B' is not directly influenced by the primary group, as file access permissions are also determined by more factors like file permission bits and access control lists. Hence, while 'A' is correct, 'B' is incorrect, leading to an incorrect overall answer."
Pm_146663,U_29207061,用户的主用户组属性将影响到：,"{'A': '用户创建的文件属性', 'B': '用户对于文件的访问权限', 'C': '用户是否为虚拟用户', 'D': '用户能否被删除'}","[""A"", ""B""]",K_虚拟用户_计算机科学与技术,Linux系统管理,K_虚拟用户_计算机科学与技术,0,"The problem asks about the effect of a user's primary group attributes. The correct answer is 'A' (用户创建的文件属性), as the primary group can influence the properties of files created by the user, such as ownership and permissions. However, option 'B' (用户对于文件的访问权限) is incorrect in this context because while access to files is determined by permissions, it's not directly influenced by the default primary group when accessing existing files. The student's selection of both options 'A' and 'B' was therefore incorrect. Options 'C' (用户是否为虚拟用户) and 'D' (用户能否被删除) are unrelated to the primary group attributes for this question."
Pm_146664,U_29207061,id命令能够查看的用户信息有：,"{'A': '用户的创建时间', 'B': '用户的主用户组', 'C': '用户从属的用户组名', 'D': '用户家目录'}","[""B"", ""C""]",K_用户组_计算机科学与技术,Linux系统管理,K_用户组_计算机科学与技术,1,"The student correctly identified the information that the 'id' command can display related to a user. The correct answers are options 'B' and 'C', which are the user's main group and the user's secondary groups, respectively. The 'id' command is used in Linux to display detailed information about a specified user, including their user ID (UID), primary user group, and any other groups they are a part of. The options 'A' and 'D', which refer to the user's creation time and home directory, are not provided by the 'id' command."
Pm_146666,U_29207061,假设目前我们以nboocer用户登录系统，处在nboocer用户的家目录下，现在要切换到root用户，下面描述正确的是：,"{'A': '使用 su root 切换，需要输入root用户密码，切换后处在root用户家目录中。', 'B': '使用 su - root 切换，需要输入root用户密码，切换后处在root用户家目录中', 'C': '使用 su -l root 切换，需要输入root用户密码，切换后处在root用户家目录中', 'D': '使用 su root 切换，需要输入nboocer用户密码，切换后处在nboocer家目录中', 'E': '使用 su - root 切换，需要输入nboocer用户密码，切换后处在root用户家目录中'}","[""B"", ""C""]",K_登录_计算机科学与技术,Linux系统管理,K_登录_计算机科学与技术,0,"The student's answer was marked incorrect because they selected options ""B"" and ""C"", which suggest using 'su - root' and 'su -l root' commands. Both these options are actually correct for switching to the root user with a change to the root's home directory, requiring the root password. However, since the task allows multiple correct answers and both selected options meet the criteria given in the question, it may be an error in the marking system. Generally, in Linux, using 'su -' or 'su -l' followed by the username is correct for a complete switch to another user's environment. Therefore, it's likely a mistake in evaluation if marked as incorrect."
Pm_146667,U_29207061,关于切换用户命令su，下面描述正确的是：,"{'A': '由根用户切换普通用户时需要输入用户密码', 'B': '由普通用户切换根用户时需要输入用户密码', 'C': '由普通用户之间相互切换时需要输入用户密码', 'D': '由根用户切换为虚拟用户时需要输入用户密码', 'E': '切换用户身份后，对系统的访问权限也随之改变'}","[""B"", ""C"", ""E""]",K_虚拟用户_计算机科学与技术,Linux系统管理,K_虚拟用户_计算机科学与技术,1,"The student's answer is correct because: 
1. Option B is correct: When switching from a regular user to the root user using 'su', the root user password is required.
2. Option C is correct: When switching between regular users using 'su', the target user's password is necessary.
3. Option E is correct: Switching user identity often changes system access permissions based on the new user's privileges. Therefore, the student correctly identified the right statements about the 'su' command."
Pm_146667,U_29207061,关于切换用户命令su，下面描述正确的是：,"{'A': '由根用户切换普通用户时需要输入用户密码', 'B': '由普通用户切换根用户时需要输入用户密码', 'C': '由普通用户之间相互切换时需要输入用户密码', 'D': '由根用户切换为虚拟用户时需要输入用户密码', 'E': '切换用户身份后，对系统的访问权限也随之改变'}","[""B"", ""C"", ""E""]",K_切换用户_计算机科学与技术,Linux系统管理,K_切换用户_计算机科学与技术,1,"The student correctly identified options B, C, and E regarding the command 'su' for switching users in Linux. Option B is correct because when a normal user switches to the root user, the root password is required. Option C is correct because when switching between regular users, the password of the target user is needed. Option E is also correct as switching users changes the access permissions based on the new user's privileges. Therefore, the student's answer is correct for this problem."
Pm_146668,U_29207061,关于CentOS中的usermod命令，下面描述正确的是：,"{'A': '用-u选项修改用户的UID时，必须确保这个UID未曾被别人使用', 'B': '用–G来修改用户的从属用户组的时候，如果用户组不存在，Linux会自动创建这个用户组', 'C': '在用户已经登录系统的情况下，无法修改用户的UID', 'D': '在用户已经登录系统的情况下，可以用-l选项修改用户的用户名', 'E': '用-d选项修改用户的家目录时，必须确保要指定的目录已经存在'}","[""A"", ""C"", ""E""]",K_登录_计算机科学与技术,Linux系统管理,K_登录_计算机科学与技术,0,"The student answered options A, C, and E, but they were incorrect. Let's evaluate each option: 

- Option A is correct as it states that when modifying a user's UID with the -u option, the UID must not already be in use by another user.
- Option B is incorrect. When modifying a user's secondary group with the -G option, Linux does not automatically create a non-existing group.
- Option C is incorrect. It is possible to change a user's UID while they are logged in, but it might cause issues or require logging out and back in to reflect changes.
- Option D is correct. You can use the -l option to change a user's username even if they are logged in.
- Option E is incorrect. The home directory does not need to exist when using the -d option to change it; usermod allows specifying a non-existing directory.

The correct answer should have included options A and D. Therefore, the misunderstanding primarily lies in options C and E."
Pm_146668,U_29207061,关于CentOS中的usermod命令，下面描述正确的是：,"{'A': '用-u选项修改用户的UID时，必须确保这个UID未曾被别人使用', 'B': '用–G来修改用户的从属用户组的时候，如果用户组不存在，Linux会自动创建这个用户组', 'C': '在用户已经登录系统的情况下，无法修改用户的UID', 'D': '在用户已经登录系统的情况下，可以用-l选项修改用户的用户名', 'E': '用-d选项修改用户的家目录时，必须确保要指定的目录已经存在'}","[""A"", ""C"", ""E""]",K_用户组_计算机科学与技术,Linux系统管理,K_用户组_计算机科学与技术,0,"The student's answer is incorrect. The correct statement about the 'usermod' command is option 'A': When using the '-u' option to modify a user's UID, you must ensure that this UID has not been used by others. Options 'C' and 'E' are incorrect; it is possible to change a user's UID while they are logged in, although it is not recommended due to potential system issues. Additionally, when using the '-d' option, the specified home directory does not need to exist beforehand, as usermod can create it if used with the '-m' option. Therefore, the correct answer is only 'A'."
Pm_146670,U_29207061,关于CentOS中的修改用户组命令groupmod，下面描述正确的是：,"{'A': '随意更改用户组的 GID可能会造成系统混乱', 'B': '带选项–n可以修改用户组名', 'C': '更改用户组名可能会造成系统混乱', 'D': '如果有用户将某用户组作为其主用户组，那么在用户已经登录系统的情况下，无法修改这个用户组名'}","[""A"", ""B""]",K_登录_计算机科学与技术,Linux系统管理,K_登录_计算机科学与技术,0,"The answer options chosen by the student were 'A' and 'B'. 'A' is correct because changing the GID of a group can cause system issues if not done with caution, as it might affect file permissions and ownership. 'B' is also correct because the '-n' option in the 'groupmod' command allows modification of a group name. The answer was marked incorrect because the student likely missed some crucial correct options. Specifically, 'D' is also correct — if a user is logged in and their primary group name is changed, it might cause system issues until logout — meaning the student did not select all correct options. The student should have selected 'A', 'B', and 'D'."
Pm_146671,U_29207061,下面关于Linux系统用户管理的说法，哪些是错误的？,"{'A': '作为掌握根用户口令系统管理员，理论上最好只有一个', 'B': '要执行一个根用户才有权限执行的命令，必须先切换为根用户身份', 'C': '可以通过某种方法分配给普通用户一些合理的根用户“权力”', 'D': '系统中的根用户只能有一个', 'E': '要与其他人共享根用户权限，就需要告诉他根用户密码'}","[""B"", ""E""]",K_系统管理员_计算机科学与技术,Linux系统管理,K_系统管理员_计算机科学与技术,0,"The student's answer ('B', 'E') was incorrect because they needed to identify the statements about Linux system user management that are incorrect. The statements 'B' and 'E' are generally correct in context: (B) You must switch to root user to execute commands only the root has permissions for, and (E) Sharing root user access typically involves giving out the root password. Incorrect options in the context are more likely (D) because, while a system typically only has one 'root' account, administrative privileges can be distributed through other means like sudo. Hence, the correct incorrect statements are 'D' among others, which the student failed to select."
Pm_146671,U_29207061,下面关于Linux系统用户管理的说法，哪些是错误的？,"{'A': '作为掌握根用户口令系统管理员，理论上最好只有一个', 'B': '要执行一个根用户才有权限执行的命令，必须先切换为根用户身份', 'C': '可以通过某种方法分配给普通用户一些合理的根用户“权力”', 'D': '系统中的根用户只能有一个', 'E': '要与其他人共享根用户权限，就需要告诉他根用户密码'}","[""B"", ""E""]",K_用户权限_计算机科学与技术,Linux系统管理,K_用户权限_计算机科学与技术,0,"The question asks which statements about Linux user management are incorrect. The given answer includes options B and E. However, the student's answer is incorrect. Let's evaluate the options: A is correct because ideally, a single administrator should know the root password for security. B is incorrect because commands that require root privileges can be executed by using tools like 'sudo', without switching to the root user entirely. C is correct as 'sudo' or other mechanisms allow granting specific root permissions to ordinary users. D is incorrect because while there can technically be multiple users with root privileges, it's risky. E is incorrect because sharing the root password is not necessary; permissions can be shared via 'sudo'. Therefore, the correct incorrect options should be B, D, and E. The student missed identifying D as incorrect, hence their answer was marked wrong."
Pm_146671,U_29207061,下面关于Linux系统用户管理的说法，哪些是错误的？,"{'A': '作为掌握根用户口令系统管理员，理论上最好只有一个', 'B': '要执行一个根用户才有权限执行的命令，必须先切换为根用户身份', 'C': '可以通过某种方法分配给普通用户一些合理的根用户“权力”', 'D': '系统中的根用户只能有一个', 'E': '要与其他人共享根用户权限，就需要告诉他根用户密码'}","[""B"", ""E""]",K_权力_计算机科学与技术,Linux系统管理,K_权力_计算机科学与技术,0,"The student's answer marked options B and E as incorrect statements regarding Linux system user management. However, these options are actually correct, leading to an incorrect answer. Option B is indeed true because one must switch to root user identity to execute commands that only root has permission to execute. Option E is true because sharing root user privileges traditionally involves sharing the root password. The correct incorrect statements are likely A, D, and possibly C depending on the method mentioned, as there are tools like sudo that grant regular users some root privileges without sharing the root password or directly becoming root, allowing for more than one person to have root access indirectly."
Pm_146674,U_29207061,关于Linux中用的用户配置文件，下面描述正确的是：,"{'A': '/etc/passwd中存放着用户加密后的密码', 'B': '/etc/passwd中存放着用户的主用户组信息', 'C': '如果用户密码为空，/etc/passwd的第二个字段将出现叹号！或者星号 *', 'D': '/etc/shadow 中第三个字段表示的密码最后一次修改时间', 'E': '可以通过修改passwd 和 shadow文件的内容来修改用户属性'}","[""B"", ""D"", ""E""]",K_用户配置文件_计算机科学与技术,Linux系统管理,K_用户配置文件_计算机科学与技术,1,"The student answered the question correctly. The descriptions they chose are accurate: 'B' confirms that /etc/passwd contains information such as the user's primary group, 'D' correctly states that the third field in /etc/shadow represents the last password change date, and 'E' is also true as one can modify user attributes by editing the passwd and shadow files. Option 'A' is incorrect because /etc/passwd does not store encrypted passwords, and 'C' is incorrect because if a user's password is empty, it typically appears as a placeholder like 'x' or is left blank, but not with an exclamation mark or asterisk."
Pm_146588,U_29492309,当您在命令提示符的后面输入命令的一部分时，按（__）键，Linux会帮你打剩下的字符，补充成为完整命令，如果有多个相符的命令，连按两下（__）键，Linux会显示所有的相符的命令。,"{'A': 'TAB', 'B': 'CONTRL', 'C': 'SHIFT', 'D': 'SPACE'}","[""A""]",K_命令提示符_计算机科学与技术,Linux系统管理,K_命令提示符_计算机科学与技术,1,"The student correctly answered the question by selecting 'TAB' as the key used in the command prompt for autocompletion in Linux. The TAB key is commonly used for command and filename autocompletion, which helps in speeding up typing by auto-filling the rest of the command/filename. If there are multiple matches, pressing TAB twice will list all possible completions, which matches the description given in the exercise."
Pm_146589,U_29492309,下面的选项哪些是正确的？,"{'A': 'Linux操作系统是由Linus Torvalds发明的', 'B': 'Linux操作系统是由Richard Stallman发明的', 'C': 'Linus Torvalds和Richard Stallman的工作共同造就了Linux', 'D': '自由软件运动和互联网的兴起造就了Linux操作系统'}","[""C"", ""D""]",K_自由软件_计算机科学与技术,Linux系统管理,K_自由软件_计算机科学与技术,1,"The student correctly identified the options 'C' and 'D' as correct answers. Option 'C' is correct because Linux was indeed a result of the collaboration between Linus Torvalds, who developed the Linux kernel, and Richard Stallman's GNU project which provided the necessary tools to run a complete operating system. Option 'D' is accurate because the growth of the free software movement and the rise of the internet contributed significantly to the development and distribution of Linux. The student's understanding of the historical and collaborative elements that contributed to Linux's creation is evident, leading to a correct answer."
Pm_146591,U_29492309,"关于CentOS,下面哪些说法是正确的？","{'A': 'CentOS100%兼容红帽企业版(RHEL)', 'B': 'CentOS不提供专门技术支持，不包含封闭源代码软件', 'C': 'CentOS 64位版本可以安装在32位架构的机器上', 'D': 'CentOS是利用用红帽企业版(RHEL)源代码重新编译而成的'}","[""A"", ""B"", ""D""]",K_闭源_计算机科学与技术,Linux系统管理,K_闭源_计算机科学与技术,0,"The student's selected answers 'A', 'B', and 'D' include both correct and incorrect options. Let's analyze them: 

- Option 'A' is correct as CentOS does aim for 100% compatibility with RHEL.
- Option 'B' is also correct since CentOS does not offer commercial support and excludes proprietary software.
- Option 'D' is correct because CentOS is a community-supported and free software project, essentially a rebuild of Red Hat Enterprise Linux (RHEL) using its source code.
- However, option 'C' is incorrect. CentOS 64-bit cannot be installed on 32-bit architecture machines because 64-bit operating systems require a 64-bit capable processor.

The student incorrectly included option 'C' in their answers, which led to the overall response being marked as incorrect. Only 'A', 'B', and 'D' are correct statements about CentOS."
Pm_146592,U_29492309,安装Linux所要的两个最基本的分区分别是以（ ）和（ ）。,"{'A': '/boot分区', 'B': '/home分区', 'C': '根分区', 'D': 'Swap分区'}","[""C"", ""D""]",K_Swap分区_计算机科学与技术,Linux系统管理,K_Swap分区_计算机科学与技术,1,"The question asks for the two most basic partitions required to install Linux. The student's answer was ['C', 'D'], which corresponds to the root partition (根分区) and the Swap partition (Swap分区). This answer is correct because, for a typical Linux installation, the root partition is essential as it contains the system files, and the Swap partition is often used to provide virtual memory. Therefore, the student correctly identified these essential partitions."
Pm_146593,U_29492309,在Linux中，打开BASH后的命令提示符，能够告诉你有关主机的哪些信息？,"{'A': '登录的主机名', 'B': '登录的用户名', 'C': '用户当前所处的工作目录', 'D': '用户上次登录时间'}","[""A"", ""B"", ""C""]",K_主机名_计算机科学与技术,Linux系统管理,K_主机名_计算机科学与技术,0,"The student correctly selected options 'A', 'B', and 'C' as the information provided by the Bash command prompt in Linux. These include the hostname of the host system, the username of the logged-in user, and the current working directory. However, the student's answers did not include option 'D', which was correctly omitted since the Bash prompt does not display the user's last login time. Thus, the answer aligns with the typical information available in a Bash prompt, so the answer should have been marked as correct. If it is shown as incorrect, there might be an error in the evaluation process."
Pm_146593,U_29492309,在Linux中，打开BASH后的命令提示符，能够告诉你有关主机的哪些信息？,"{'A': '登录的主机名', 'B': '登录的用户名', 'C': '用户当前所处的工作目录', 'D': '用户上次登录时间'}","[""A"", ""B"", ""C""]",K_命令提示符_计算机科学与技术,Linux系统管理,K_命令提示符_计算机科学与技术,0,"The student answered with options A, B, and C, which correctly represent information shown by the BASH command prompt — the logged-in hostname (A), the logged-in username (B), and the user's current working directory (C). However, the student answered incorrectly because they also need to recognize that the BASH prompt does not display the user's last login time (D). Thus, their answer is correct, but there is an inference that D might be mistakenly considered part of the required answer set if presented in context, which it is not, hence the incorrect marking."
Pm_146597,U_29492309,下面关于关机和重启的说法，哪些是正确的？,"{'A': '关机是系统管理员要给予充分重视的一件大事.', 'B': 'shutdown -k now 命令用于立即关机', 'C': '不恰当或者不正确的关机和重启，可能会导致数据丢失', 'D': '关机和重启命令默认情况下普通用户亦可执行'}","[""A"", ""C""]",K_系统管理员_计算机科学与技术,Linux系统管理,K_系统管理员_计算机科学与技术,1,"The student correctly identified statements 'A' and 'C' as true. 'A' is correct because shutting down is indeed an important task that system administrators need to handle carefully to ensure system integrity and data safety. 'C' is true since improper shutdowns or reboots can lead to data loss or system corruption. The student did not select 'B' and 'D', which are incorrect: 'shutdown -k now' does not actually shut down the system but only sends warning messages; and normal users typically do not have the permission to execute shutdown/reboot commands unless configured otherwise by the system's admin settings."
Pm_146598,U_29492309,Linux中所谓的命令(Command)，广义上包括：,"{'A': '可执行的二进制文件', 'B': '可执行的库文件', 'C': 'shell脚本文件', 'D': 'shell内建函数'}","[""A"", ""C"", ""D""]",K_Shell脚本_计算机科学与技术,Linux系统管理,K_Shell脚本_计算机科学与技术,0,"The student answered this Linux command question incorrectly by missing option 'B': '可执行的库文件'. In Linux, commands broadly include not only executable binary files, shell scripts, and shell built-in functions but also executable library files as they can be invoked and executed in a command-like manner. Therefore, the correct choices should have been all four: 'A', 'B', 'C', and 'D'."
Pm_3055915,U_29597139,Android应用程序目录结构中，[填空1]文件夹用于存放源代码文件？,,"{""1"": [""src目录""]}",K_Android_计算机科学与技术,智能设备应用开发（基于Android平台）,K_Android_计算机科学与技术,0,"The student's answer was incorrect because they answered 'src目录' for the directory used to store source code files in an Android application structure, which is not the correct terminology. The correct directory name should be 'java' or 'src/main/java' after the Android Studio updated project structure from Eclipse format. The misunderstanding might arise from older conventions or different development environments."
Pm_3055915,U_29597139,Android应用程序目录结构中，[填空1]文件夹用于存放源代码文件？,,"{""1"": [""src目录""]}",K_目录结构_计算机科学与技术,智能设备应用开发（基于Android平台）,K_目录结构_计算机科学与技术,0,"The student answered incorrectly with 'src目录'. In the directory structure of an Android application, the folder for storing source code files is typically named 'src' or 'java', depending on the convention or build system used (such as Gradle). It's important to know the specific path used in the context of the course or project to answer correctly. If 'src' was intended, additional clarification may be needed."
Pm_3055916,U_29597139,在空白处填入适当代码，使编辑框为空时默认显示“Hello World”。&lt;EditTextandroid:layout_width=&quot;fill_parent&quot;android:layout_height=&quot;wrap_content&quot;android:textColor=&quot;#DDDDDD&quot;[填空1]android:id =&quot;@+id/et&quot;android:maxLength = &quot;10&quot;/ &gt;&lt;/EditText/ &gt;,,"{""1"": [""android:hint=&quot;Hello World&quot;""]}",K_Android_计算机科学与技术,智能设备应用开发（基于Android平台）,K_Android_计算机科学与技术,0,"The student encountered a problem where they needed to fill in the code to ensure that a default text 'Hello World' is displayed when the EditText is empty. They attempted to use 'android:hint' which is indeed the correct attribute for this functionality. However, the format in the student's answer seems incorrect, as it includes quotation marks that appear intended for HTML and not XML syntax. The correct implementation should be 'android:hint=""Hello World""' directly within the EditText widget declaration in XML. This discrepancy in representation led to the answer being marked incorrect."
Pm_146588,U_30095273,当您在命令提示符的后面输入命令的一部分时，按（__）键，Linux会帮你打剩下的字符，补充成为完整命令，如果有多个相符的命令，连按两下（__）键，Linux会显示所有的相符的命令。,"{'A': 'TAB', 'B': 'CONTRL', 'C': 'SHIFT', 'D': 'SPACE'}","[""A""]",K_命令提示符_计算机科学与技术,Linux系统管理,K_命令提示符_计算机科学与技术,1,"The student correctly selected 'TAB' as the answer. In Linux, when you type part of a command in the terminal and press the 'TAB' key, it performs command line completion by filling in the remaining characters of the command. If there are multiple possible completions, pressing 'TAB' twice will display all matching commands. Therefore, the answer 'A: TAB' is correct in the context of the command prompt usage described in the problem."
Pm_146589,U_30095273,下面的选项哪些是正确的？,"{'A': 'Linux操作系统是由Linus Torvalds发明的', 'B': 'Linux操作系统是由Richard Stallman发明的', 'C': 'Linus Torvalds和Richard Stallman的工作共同造就了Linux', 'D': '自由软件运动和互联网的兴起造就了Linux操作系统'}","[""C"", ""D""]",K_自由软件_计算机科学与技术,Linux系统管理,K_自由软件_计算机科学与技术,0,"The student answered incorrectly as they selected options C and D, but the correct options should include A and C. Option A is correct because Linux was indeed started by Linus Torvalds. Option B is incorrect as Richard Stallman did not invent Linux, although his work on free software provided foundational ideas. Option C is partially correct; Linus Torvalds' creation of Linux combined with Richard Stallman's contributions to free software played a role in the development of the Linux ecosystem. However, option D is misleading because while the free software movement and the growth of the internet were influential, they are not the primary reasons for the creation of the Linux operating system, which was Linus Torvalds' direct initiative."
Pm_146591,U_30095273,"关于CentOS,下面哪些说法是正确的？","{'A': 'CentOS100%兼容红帽企业版(RHEL)', 'B': 'CentOS不提供专门技术支持，不包含封闭源代码软件', 'C': 'CentOS 64位版本可以安装在32位架构的机器上', 'D': 'CentOS是利用用红帽企业版(RHEL)源代码重新编译而成的'}","[""A"", ""B"", ""D""]",K_闭源_计算机科学与技术,Linux系统管理,K_闭源_计算机科学与技术,0,"The student's answer was incorrect. The correct statements about CentOS are 'B' and 'D'. Answer 'A' is misleading because while CentOS aims for binary compatibility with RHEL, it is not guaranteed to be 100%, especially for certain packages. Answer 'C' is incorrect as 64-bit versions generally cannot be installed on 32-bit architecture machines. 'B' is correct because CentOS does not provide official support and generally includes only open-source software. 'D' is correct since CentOS is indeed compiled from Red Hat Enterprise Linux (RHEL) source code."
Pm_146592,U_30095273,安装Linux所要的两个最基本的分区分别是以（ ）和（ ）。,"{'A': '/boot分区', 'B': '/home分区', 'C': '根分区', 'D': 'Swap分区'}","[""C"", ""D""]",K_Swap分区_计算机科学与技术,Linux系统管理,K_Swap分区_计算机科学与技术,0,"The student answered that the two most basic partitions needed to install Linux are '根分区 (C)' and 'Swap分区 (D)'. However, this answer is incorrect. The two essential partitions for installing Linux are the '根分区 (Root Partition)' and the 'Swap Partition'. If one of these was incorrect, perhaps the intended options were misunderstood. Typically, the required partitions are '根分区 (C)' and 'Swap分区 (D)', but if the problem indicates a different correct option, it must be verified within the course materials or specified guidance for this item."
Pm_146593,U_30095273,在Linux中，打开BASH后的命令提示符，能够告诉你有关主机的哪些信息？,"{'A': '登录的主机名', 'B': '登录的用户名', 'C': '用户当前所处的工作目录', 'D': '用户上次登录时间'}","[""A"", ""B"", ""C""]",K_主机名_计算机科学与技术,Linux系统管理,K_主机名_计算机科学与技术,1,"The student answered correctly by selecting options A, B, and C. The command prompt in BASH on Linux typically displays information about the logged-in host such as the hostname (A), the username (B), and the current working directory (C). Option D, the last login time, is not usually shown in the command prompt itself, which makes the chosen options accurate based on standard Linux configurations."
Pm_146593,U_30095273,在Linux中，打开BASH后的命令提示符，能够告诉你有关主机的哪些信息？,"{'A': '登录的主机名', 'B': '登录的用户名', 'C': '用户当前所处的工作目录', 'D': '用户上次登录时间'}","[""A"", ""B"", ""C""]",K_命令提示符_计算机科学与技术,Linux系统管理,K_命令提示符_计算机科学与技术,1,"The student's answer is correct. In Linux, after opening BASH, the command prompt typically displays information such as the hostname of the machine (option A), the username of the logged-in user (option B), and the current working directory of the user (option C). Option D, which is the user's last login time, is not typically part of the information shown on the command prompt."
Pm_146597,U_30095273,下面关于关机和重启的说法，哪些是正确的？,"{'A': '关机是系统管理员要给予充分重视的一件大事.', 'B': 'shutdown -k now 命令用于立即关机', 'C': '不恰当或者不正确的关机和重启，可能会导致数据丢失', 'D': '关机和重启命令默认情况下普通用户亦可执行'}","[""A"", ""C""]",K_系统管理员_计算机科学与技术,Linux系统管理,K_系统管理员_计算机科学与技术,1,"The student answered correctly by selecting 'A' and 'C'. Option 'A' is correct because shutdown is indeed an important task that system administrators should take seriously. Option 'C' is also correct, as improper shutdowns can lead to data loss. The options 'B' and 'D' are incorrect: 'B' is incorrect because 'shutdown -k now' does not actually shutdown the system but warns all users; 'D' is incorrect because shutdown and reboot commands usually require administrative privileges, and are not executable by regular users by default."
Pm_146598,U_30095273,Linux中所谓的命令(Command)，广义上包括：,"{'A': '可执行的二进制文件', 'B': '可执行的库文件', 'C': 'shell脚本文件', 'D': 'shell内建函数'}","[""A"", ""C"", ""D""]",K_Shell脚本_计算机科学与技术,Linux系统管理,K_Shell脚本_计算机科学与技术,0,"The student answered incorrectly because they did not include option 'B' (可执行的库文件) as part of the broad definition of commands in Linux. In Linux, commands can also include executable library files, which are sometimes used to run shared functionalities or services in the background. Therefore, the complete correct answer should have included all options: 'A', 'B', 'C', and 'D'."
Pm_146604,U_30095273,假设当前工作目录下有一个名为sampledir 的目录，该目录下有一个名为sampledir01的目录， 键入 “rmdir sampledir”，会发生什么？,"{'A': 'sampledir和sampledir01被删除', 'B': '出错', 'C': 'sampledir01被删除', 'D': 'sampledir被删除，但sampledir01未被删除'}","[""B""]",K_键入_计算机科学与技术,Linux系统管理,K_键入_计算机科学与技术,1,"The student correctly answered option 'B', which states that an error will occur. In Linux, the 'rmdir' command can only remove empty directories. Since 'sampledir' contains 'sampledir01', it is not empty, and trying to remove it using 'rmdir' will result in an error."
Pm_146607,U_30095273,关于Linux中工作目录，下面哪些说法是错误的?,"{'A': '可以在命令提示符中观察到目前所处的工作目录', 'B': '用户登录后初始的默认工作目录总是登录用户的 “家目录”', 'C': '用户的工作目录是固定的', 'D': '可以用～字符代表当前工作目录'}","[""C"", ""D""]",K_登录_计算机科学与技术,Linux系统管理,K_登录_计算机科学与技术,1,"The student correctly identified options C and D as the incorrect statements about working directories in Linux. Option C is incorrect because a user's working directory is not fixed; it can be changed using commands like 'cd'. Option D is incorrect because the '~' character represents the user's home directory, not the current working directory. The student's understanding of these concepts is accurate as reflected in their answer."
Pm_146607,U_30095273,关于Linux中工作目录，下面哪些说法是错误的?,"{'A': '可以在命令提示符中观察到目前所处的工作目录', 'B': '用户登录后初始的默认工作目录总是登录用户的 “家目录”', 'C': '用户的工作目录是固定的', 'D': '可以用～字符代表当前工作目录'}","[""C"", ""D""]",K_命令提示符_计算机科学与技术,Linux系统管理,K_命令提示符_计算机科学与技术,1,"The student correctly identified the incorrect statements about the Linux working directory. Option C is incorrect because a user's working directory is not fixed; it can be changed using commands like 'cd'. Option D is also incorrect because the '~' character represents the home directory, not the current working directory. Options A and B are correct statements: you can observe the current working directory in the command prompt, and upon login, the initial default working directory is typically the user's home directory."
Pm_146613,U_30095273,要将当前目录下的文件samplefile的文件从属组改为stu用户组，应该使用哪个命令？,"{'A': 'chmod stu ./samplefile', 'B': 'chown stu ./samplefile', 'C': 'chown :stu ./samplefile', 'D': 'chmod :stu ./samplefile'}","[""C""]",K_当前目录_计算机科学与技术,Linux系统管理,K_当前目录_计算机科学与技术,1,"The student correctly answered the question by selecting option C, which is 'chown :stu ./samplefile'. This is the appropriate command to change the group ownership of the file 'samplefile' to the group 'stu' in Linux. The command 'chown :groupname filename' is used to set the group ownership of a file, which aligns with the requirement in the question to change the file's group to 'stu'."
Pm_146614,U_30095273,如用ls -l 命令列出文件，文件的第一个字段是drwxr-x---，表示什么,"{'A': '这是一个符号链接文件，对于文件拥有者可读可写可执行，对于从属用户组里的用户可读不可写可执行，对于其他用户不可读不可写不可执行', 'B': '这是一个普通文件，对于文件拥有者可读可写可执行，对于其他用户可读不可写可执行，对于从属用户组里的用户不可读不可写不可执行。', 'C': '这是一个目录文件，对于文件拥有者可读可写可执行，对于从属用户组里的用户可读不可写可执行，对于其他用户不可读不可写不可执行', 'D': '这是一个目录文件，对于文件拥有者可读可写可执行，对于从属用户组里的用户可读可写可执行，对于其他用户不可读不可写不可执行'}","[""C""]",K_符号链接_计算机科学与技术,Linux系统管理,K_符号链接_计算机科学与技术,1,"The student's answer is correct. The 'drwxr-x---' in a file listing from the 'ls -l' command indicates that it is a directory file ('d' signifies a directory). The permissions 'rwxr-x---' mean the owner of the directory can read, write, and execute (rwx), users in the owner’s group can read and execute but not write (r-x), and other users have no permissions at all (---). Option C correctly describes these attributes, so the student understood the file permissions and the type of file represented by these descriptors."
Pm_146617,U_30095273,用root用户登录系统，使用rm命令删除文件时，以下哪些做法是对的？,"{'A': 'rm ./sampledir 可以删除当前目录下的sampledir目录', 'B': 'rm -f ./file01 可以删除当前目录下的file01文件，并在删除前会向用户进行确认。', 'C': 'rm -R ./sampledir 可以删除当前目录下的sampledir目录', 'D': 'rm file01 file02 可以删除当前工作目录下的file01 和file02文件，并在删除前会向用户进行确认。'}","[""C"", ""D""]",K_登录_计算机科学与技术,Linux系统管理,K_登录_计算机科学与技术,1,"The student correctly identified options C and D as the appropriate methods for deleting files or directories using the 'rm' command. Option C 'rm -R ./sampledir' is correct because the '-R' flag allows for recursive deletion, which is necessary for removing directories and their contents. Option D 'rm file01 file02' is correct because it specifies multiple files to delete; however, their assumption of needing confirmation is incorrect in the default setting of 'rm'. Options A and B are incorrect because 'rm ./sampledir' cannot remove a directory without the recursive flag, and 'rm -f' forces deletion without confirmation, contrary to what was described."
Pm_146617,U_30095273,用root用户登录系统，使用rm命令删除文件时，以下哪些做法是对的？,"{'A': 'rm ./sampledir 可以删除当前目录下的sampledir目录', 'B': 'rm -f ./file01 可以删除当前目录下的file01文件，并在删除前会向用户进行确认。', 'C': 'rm -R ./sampledir 可以删除当前目录下的sampledir目录', 'D': 'rm file01 file02 可以删除当前工作目录下的file01 和file02文件，并在删除前会向用户进行确认。'}","[""C"", ""D""]",K_删除文件_计算机科学与技术,Linux系统管理,K_删除文件_计算机科学与技术,1,"The student's answer is correct because option C (rm -R ./sampledir) is the appropriate command to remove a directory and its contents recursively in Linux, and option D (rm file01 file02) correctly describes the ability to delete multiple files without requiring user confirmation by default unless the -i flag is used. Option A is incorrect since 'rm ./sampledir' would throw an error for a directory unless used with -r or -R. Option B is incorrect because the -f flag in 'rm -f ./file01' actually forces deletion without user confirmation."
Pm_146618,U_30095273,关于cp命令，哪些表述是正确的？,"{'A': 'cp命令可以同时拷贝多个文件', 'B': '默认情况下，cp命令拷贝时遇到同名文件会自动覆盖', 'C': '默认情况下，cp命令拷贝时会将文件属性一并进行拷贝', 'D': 'cp命令拷贝同时还可以重命名文件'}","[""A"", ""D""]",K_文件属性_计算机科学与技术,Linux系统管理,K_文件属性_计算机科学与技术,1,"The student's answer is correct. Option A is correct because the 'cp' command can indeed copy multiple files at once by listing them in order and specifying a target directory. Option D is also correct because the 'cp' command can rename the file while copying by specifying a different name as the target file. Options B and C are incorrect as, by default, 'cp' will overwrite files but won't preserve file attributes unless the '-p' option is specified."
Pm_146619,U_30095273,关于cp命令，哪些用法是可以达成目标？,"{'A': 'cp -R ~/sampledir . 可以将当前用户家目录下的sampledir目录拷贝到当前目录中。', 'B': 'cp ./file01 ./file02 .. 可以将当前目录下的file01文件拷贝到当前目录中并重命名为file02, 同时将file01文件拷贝到当前目录的上层目录中。', 'C': 'cp /home/stu/file01 ~/root 可以将file01目录拷贝到根用户家目录下', 'D': 'cp -R ../sampledir ~root 可以将上层目录中的sampledir目录拷贝到根用户家目录下'}","[""A"", ""D""]",K_当前目录_计算机科学与技术,Linux系统管理,K_当前目录_计算机科学与技术,0,"The student believed options A and D both achieved their goals, but this is incorrect. Option A is correct because 'cp -R ~/sampledir .' indeed copies the 'sampledir' directory from the user's home directory to the current directory recursively. However, Option D, 'cp -R ../sampledir ~root', is incorrect because it attempts to copy 'sampledir' to the home directory of the root user without the correct permission typically required. Additionally, the tilde (~) is not interpreted with usernames in conjunction with 'root' directly like '~root', and often needs to be just specified as '/root' if not executed as the root user. Therefore, Option D would not work under normal user permissions or without an absolute path. The correct response should've only included Option A."
Pm_146621,U_30095273,在使用ln建立文件链接时，为了跨越不同的文件系统，我们需要使用,"{'A': '普通链接', 'B': '硬链接', 'C': '符号链接', 'D': '特殊链接'}","[""C""]",K_硬链接_计算机科学与技术,Linux系统管理,K_硬链接_计算机科学与技术,1,"The student correctly identified that when creating file links across different file systems using the ln command, a symbolic link (option C) is needed. Unlike hard links, which cannot span different file systems, symbolic links can point to files on different file systems, making them the correct choice for this requirement in Linux system management."
Pm_146621,U_30095273,在使用ln建立文件链接时，为了跨越不同的文件系统，我们需要使用,"{'A': '普通链接', 'B': '硬链接', 'C': '符号链接', 'D': '特殊链接'}","[""C""]",K_符号链接_计算机科学与技术,Linux系统管理,K_符号链接_计算机科学与技术,1,"The student correctly chose '符号链接' (symbolic link) as the answer. When using the 'ln' command to create file links, symbolic links are necessary to cross different file systems. Unlike hard links, which must reside on the same file system as the original file, symbolic links can span across different file systems, making choice C the correct answer in this context."
Pm_146622,U_30095273,关于硬链接，下面哪些描述是正确的？,"{'A': '不可以跨文件系统。', 'B': '可以做目录的连接', 'C': '硬链接文件的inode-number与被链接文件的inode-number相同', 'D': '硬链接和符号链接的原理事实上是一样的'}","[""A"", ""C""]",K_硬链接_计算机科学与技术,Linux系统管理,K_硬链接_计算机科学与技术,1,"The student's answer is correct. Option A is correct because hard links cannot span across different file systems; they are confined to the same file system. Option C is also correct because a hard link points to the same inode as the original file, which means they both share the same inode number. Options B and D are incorrect: you cannot create a hard link for a directory to prevent potential filesystem structure issues, and hard links are different in principle from symbolic links, which reference the file path rather than the inode."
Pm_146622,U_30095273,关于硬链接，下面哪些描述是正确的？,"{'A': '不可以跨文件系统。', 'B': '可以做目录的连接', 'C': '硬链接文件的inode-number与被链接文件的inode-number相同', 'D': '硬链接和符号链接的原理事实上是一样的'}","[""A"", ""C""]",K_符号链接_计算机科学与技术,Linux系统管理,K_符号链接_计算机科学与技术,1,"The student answered the question correctly. Hard links cannot be created across different filesystems ('A'), and they share the same inode number with the file they link to ('C'). These are correct characteristics of hard links. Options 'B' and 'D' are incorrect because hard links cannot be used to link directories and they are different from symbolic links in terms of their underlying principles."
Pm_146623,U_30095273,关于文件硬链接和源文件的关系，下面哪些描述是正确的？,"{'A': '文件硬链接和源文件实际上共用一份文件内容数据', 'B': '源文件删除对文件硬链接没有影响', 'C': '一个硬盘分区上文件的硬链接可以位于另外一个分区上', 'D': '对于文件硬链接内容的改动不会影响到源文件'}","[""A"", ""B""]",K_硬链接_计算机科学与技术,Linux系统管理,K_硬链接_计算机科学与技术,0,"The student answered incorrectly because while 'A' is correctly chosen, stating that a hard link shares the same data content as the source file, 'B' is also correct - deleting the source file does not affect the hard link since they both point to the same inode. However, the student missed this part. Options 'C' and 'D' are incorrect: hard links must reside on the same partition as the source file, and modifications to a hard-linked file do affect the original file, as they point to the same data."
Pm_146623,U_30095273,关于文件硬链接和源文件的关系，下面哪些描述是正确的？,"{'A': '文件硬链接和源文件实际上共用一份文件内容数据', 'B': '源文件删除对文件硬链接没有影响', 'C': '一个硬盘分区上文件的硬链接可以位于另外一个分区上', 'D': '对于文件硬链接内容的改动不会影响到源文件'}","[""A"", ""B""]",K_硬盘分区_计算机科学与技术,Linux系统管理,K_硬盘分区_计算机科学与技术,0,"The student's answer of selecting options 'A' and 'B' is partially correct because statement 'A' is true: a hard link and the source file indeed share the same data content. However, statement 'B' is misleading because if the original file is deleted (its link count reaches zero), the data is not lost as long as there are existing hard links, but this does not mean deletion has no impact—it removes one link to the data. The student missed selecting option 'D', which is false; modifications to the content through a hard link do affect the source file, as they are the same physical data. Additionally, the student correctly avoided selecting 'C', as hard links cannot span different disk partitions."
Pm_146624,U_30095273,关于符号链接，下面哪些描述是正确的？,"{'A': '可以通过符号链接文件来读、写和执行源文件。', 'B': '符号链接文件和源文件实际上是同一个文件。', 'C': '删除源文件，符号链接文件将变得不可用', 'D': '不能为符号链接文件再创建符号链接'}","[""A"", ""C""]",K_符号链接_计算机科学与技术,Linux系统管理,K_符号链接_计算机科学与技术,1,"The student's answer is correct. Option A is true because a symbolic link allows you to read, write, and execute the target file it points to, as it acts as a reference to the target. Option C is also correct since deleting the original file means the symbolic link cannot point to anything and becomes a 'dangling' link. Option B is incorrect because a symbolic link is a separate file that points to the source file rather than being the same file. Option D is incorrect because you can create a symbolic link to a symbolic link, pointing to the ultimate target."
Pm_146627,U_30095273,关于文件压缩，下面哪些描述是正确的?,"{'A': 'Linux中压缩文件有很多工具可以利用。', 'B': '用gzip命令压缩文件后，默认会删除源文件', 'C': 'gzip命令可以调节文件压缩的比例。', 'D': 'gzip 压缩文件的默认后缀名是.gz', 'E': 'gzip解压文件时默认会删除压缩文件'}","[""A"", ""B"", ""C"", ""D"", ""E""]",K_文件压缩_计算机科学与技术,Linux系统管理,K_文件压缩_计算机科学与技术,0,"The student selected all options ('A', 'B', 'C', 'D', and 'E'), but not all statements are correct regarding file compression using gzip. While option 'A' is true as Linux does have many tools for file compression, 'B' is incorrect because gzip does not delete the original file by default after compression unless the '-d' option is used intentionally. 'C' is incorrect because gzip does not inherently allow fine-tuning compression ratio, though some general options might indirectly affect it. 'D' is correct as the default suffix for gzip compressed files is '.gz'. Finally, 'E' is incorrect because gzip does not delete the compressed file after decompression by default. The student likely did not distinguish between correct and incorrect descriptions accurately."
Pm_146630,U_30095273,关于文件打包（归档），下面哪些描述是正确的?,"{'A': 'tar可以打包整个目录', 'B': 'tar打包多个文件后的打包文件大小，比原文件大小之和要稍小', 'C': 'tar 打包文件必须要有一个.tar的后缀名', 'D': '可以用tar命令来合并两个打包文件', 'E': '可以用tar命令来查看打包文件中的文件'}","[""A"", ""D"", ""E""]",K_文件大小_计算机科学与技术,Linux系统管理,K_文件大小_计算机科学与技术,1,"The student's answers are correct based on common understanding and usage of the 'tar' command in Linux. Option A is correct because 'tar' can indeed be used to package entire directories. Option D is also correct because you can use 'tar' to append one archive to another, effectively merging them. Option E is correct as well since 'tar' has options for listing the contents of a tarball. The student did not select option B, which is correct because 'tar' does not compress files by default, so the resulting package is typically not smaller unless combined with compression tools (e.g., gzip). The student also did not select option C, which is correct because while .tar is a common extension, it is not a strict requirement. Hence, the selection of A, D, and E is entirely appropriate and accurate given the context of the question in Linux system management."
Pm_146630,U_30095273,关于文件打包（归档），下面哪些描述是正确的?,"{'A': 'tar可以打包整个目录', 'B': 'tar打包多个文件后的打包文件大小，比原文件大小之和要稍小', 'C': 'tar 打包文件必须要有一个.tar的后缀名', 'D': '可以用tar命令来合并两个打包文件', 'E': '可以用tar命令来查看打包文件中的文件'}","[""A"", ""D"", ""E""]",K_文件打包_计算机科学与技术,Linux系统管理,K_文件打包_计算机科学与技术,1,"The student answered correctly in identifying the correct statements about file archiving using tar. Tar can indeed package an entire directory (A), you can use the tar command to merge two archive files (D), and you can view the contents of an archive file (E). However, the tar command itself doesn't compress files, so option B is incorrect, as tar files are not necessarily smaller unless compression is applied. Option C is incorrect because tar files do not necessarily have to have a '.tar' extension, though it is common practice."
Pm_146632,U_30095273,现在需要在根目录下找所有的名字为temp的文件，然后删除，删除时不需要提示，请问可如何实现。,"{'A': 'find / -name temp rm *', 'B': '编一个SHELL脚本实现', 'C': 'find / -name temp –exec rm {}  ;', 'D': 'find / -name temp –exec rm'}","[""C""]",K_Shell脚本_计算机科学与技术,Linux系统管理,K_Shell脚本_计算机科学与技术,0,"The student chose option C, which is almost correct but contains a syntactical error. The command 'find / -name temp –exec rm {} ;' is intended to find and delete files named 'temp' without prompting. However, there is a small mistake: there should be a '\;' instead of just a ';' at the end. The corrected command is 'find / -name temp -exec rm {} \;'. Furthermore, it’s important to ensure that a space precedes the backslash '\'. This syntax tells the shell to execute the 'rm' command on each file found. The student’s understanding was close but not perfectly accurate due to this minor syntax issue. Option D is incorrect because it lacks the terminating ';', and option A mistakenly combines two commands. B suggests writing a script, which is not the simplest method for such a task."
Pm_146633,U_30095273,关locate命令，下面哪些描述是正确的？,"{'A': 'locate命令能够快速查找文件', 'B': '如不指定查找的目录范围，locate将以当前工作目录作为查找范围', 'C': 'locate查找速度更快是因为它采用了更加有效率的查找算法', 'D': 'locate有时会发生新建文件无法查找到的问题', 'E': 'locate有时会发生查找到已删除文件的问题'}","[""A"", ""D"", ""E""]",K_删除文件_计算机科学与技术,Linux系统管理,K_删除文件_计算机科学与技术,0,"The student's answer was incorrect because they misunderstood the functionalities of the locate command. Correct options regarding the locate command are A, D, and E. Option A is correct because locate can indeed quickly search for files. Option B is incorrect because locate does not limit searches to the current directory; it searches the entire index maintained by the system, not just the current working directory. Option C is incorrect as the speed of locate is due to its use of a pre-built database, not an inherently faster algorithm. Option D is correct because locate may not find newly created files until its database is updated. Option E is correct because the locate database may not reflect recently deleted files, causing locate to suggest files that no longer exist."
Pm_146635,U_30095273,关Linux中的通配符，下面哪些描述是正确的？,"{'A': '通配符可以用于对批量文件进行操作', 'B': '* 可以匹配任意单个字符', 'C': '[0-9] 可以匹配0到9之间的任意单个字符', 'D': '[!A-Z] 可以匹配除了大写A到Z之间的任意单个字符'}","[""A"", ""C"", ""D""]",K_通配符_计算机科学与技术,Linux系统管理,K_通配符_计算机科学与技术,1,"The student answered the question correctly. Option A correctly indicates that wildcards can be used for batch file operations, allowing a user to manage multiple files efficiently. Option C is correct because '[0-9]' can indeed match any single character between 0 and 9. Option D is also correct as '[!A-Z]' will match any single character that is not between uppercase A and Z. The student correctly identified that option B was incorrect since '*' matches zero or more characters, not any single character."
Pm_146637,U_30095273,关于tail和head命令，下面哪些描述是正确的。,"{'A': 'head默认情况下显示文件的头5行', 'B': 'tail只能同时查看一个文本文件', 'C': '这一对命令经常被用来查看日志文件', 'D': '可以用 -n 选项（n为一个自然数）来指定tail和head要显示的行数'}","[""C"", ""D""]",K_显示文件_计算机科学与技术,Linux系统管理,K_显示文件_计算机科学与技术,0,"The student correctly selected option 'C', which states '这一对命令经常被用来查看日志文件', as tail and head are indeed commonly used to view log files. They also correctly selected option 'D', '可以用 -n 选项（n为一个自然数）来指定tail和head要显示的行数', because both commands support the -n option to specify the number of lines to display. However, the answer is marked incorrect because the student should have also addressed the incorrect options: Option 'A' is incorrect because by default head displays the first 10 lines of a file, not 5. Option 'B' is incorrect because tail can handle multiple files at once by displaying their contents in sequence."
Pm_146643,U_30095273,关Linux中的输入输出重定向，下面哪些描述是正确的?,"{'A': '标准输出流（stdout），显示来自命令的输出，文件描述符是 0', 'B': '标准输入流（stdin），向命令提供输入，文件描述符是 1', 'C': '对于任何一条linux 命令,其结果都是通过stdout输出到输出设备上；', 'D': 'Linux中使用> 和>> 操作符来重定向标准输出', 'E': '标准输入重定向是让命令从指定文件中获取输入而非从stdin中获取输入。'}","[""D"", ""E""]",K_标准输入流_计算机科学与技术,Linux系统管理,K_标准输入流_计算机科学与技术,1,"The student correctly identified the accurate descriptions related to Linux input and output redirection. Option D is correct because the '>' and '>>' operators are indeed used to redirect standard output in Linux. Option E is also correct because standard input redirection refers to a command taking input from a specified file instead of the standard input (stdin). The other options are incorrect: Option A mistakenly assigns the file descriptor 0 to stdout when it should be 1, option B wrongly attributes file descriptor 1 to stdin, which should be 0, and option C is incorrect because not all Linux command outputs are directed to stdout by default."
Pm_146644,U_30095273,"关于命令echo -e ""1 applen2 pearn3 banana""&gt;&gt;fruit.txt，下面哪些描述是错误的。","{'A': '这个命令将echo的输出重定向到了fruit.txt文件中。', 'B': 'fruit.txt文件中如果原有内容将被覆盖', 'C': 'echo的输出重定向将追加到fruit.txt文件最后', 'D': '如果fruit文件不存在，命令将出错'}","[""B"", ""D""]",K_追加_计算机科学与技术,Linux系统管理,K_追加_计算机科学与技术,1,"The student's answer is correct because the command 'echo -e ""1 applen2 pearn3 banana"" >> fruit.txt' appends the text to the end of the file 'fruit.txt'. Option B is incorrect because using '>>' appends the output to the file instead of overwriting it; if the file has existing content, it will not be overwritten. Option D is also incorrect because if 'fruit.txt' does not exist, the command will create the file instead of resulting in an error. Therefore, the student's identification of B and D as incorrect statements is accurate."
Pm_146660,U_30095273,在CentOS中，默认情况下，虚拟用户的UID范围是:,"{'A': '1-499', 'B': '0-499', 'C': '0-500', 'D': '500以后'}","[""A""]",K_虚拟用户_计算机科学与技术,Linux系统管理,K_虚拟用户_计算机科学与技术,1,"The student correctly answered that in CentOS, by default, the UID range for virtual users is '1-499'. CentOS reserves the UIDs 1 to 499 for system accounts and virtual users, which aligns with the option selected by the student."
Pm_146661,U_30095273,关于CentOS中的用户，描述错误的是：,"{'A': '虚拟用户是给系统的访客使用的', 'B': '根用户的UID是固定的', 'C': '虚拟用户使用的默认Shell是BASH', 'D': 'Linux是通过用户名来识别用户的身份的', 'E': '普通用户对系统有只有有限的权限'}","[""A"", ""C""]",K_虚拟用户_计算机科学与技术,Linux系统管理,K_虚拟用户_计算机科学与技术,0,"The question asks for the incorrect statement about users in CentOS. The student's selected answers are 'A' and 'C'. 'A' states that virtual users are for system guests, which might seem incorrect as virtual users typically refer to users that don't have local system accounts, not specifically guests. However, 'C' states that virtual users use BASH as the default shell. Generally, virtual users don't log into the system and therefore do not have an associated shell like BASH. Hence, 'C' is indeed likely to be the incorrect statement. The error could lie in incorrectly including or interpreting option 'A' as incorrect, depending on specific context definitions in CentOS, which led to the answer being marked incorrect."
Pm_146662,U_30095273,关于Linux中的用户组，描述错误的是：,"{'A': '用户组的身份标识叫做GID', 'B': '一个用户只能从属于一个用户组', 'C': '一个用户组能够包含多个用户', 'D': '在同一时刻，一个用户的主用户组只能有一个', 'E': '每个用户都必定从属于一个与用户同名的独立的私有用户组'}","[""B"", ""E""]",K_用户组_计算机科学与技术,Linux系统管理,K_用户组_计算机科学与技术,1,"The student correctly identified the inaccurate statements about user groups in Linux. In Linux, a user can belong to multiple user groups, not just one, which makes option B incorrect. Furthermore, not every user necessarily has a private group with the same name as the user by default, which makes option E incorrect as well. These selections align with the conventions of how user groups operate in Linux systems, leading to the student's response being marked correct."
Pm_146663,U_30095273,用户的主用户组属性将影响到：,"{'A': '用户创建的文件属性', 'B': '用户对于文件的访问权限', 'C': '用户是否为虚拟用户', 'D': '用户能否被删除'}","[""A"", ""B""]",K_文件属性_计算机科学与技术,Linux系统管理,K_文件属性_计算机科学与技术,1,"The student correctly identified that the primary user group affects both the attributes of files created by the user and the user's access permissions to files. In Linux system management, a user's primary group is used to assign group ownership for new files (option A) and determine access permissions (option B), as these permissions can be set based on group belonging. This aligns with the course material on file attributes in computer science and technology, demonstrating an understanding of group roles and file system permissions."
Pm_146663,U_30095273,用户的主用户组属性将影响到：,"{'A': '用户创建的文件属性', 'B': '用户对于文件的访问权限', 'C': '用户是否为虚拟用户', 'D': '用户能否被删除'}","[""A"", ""B""]",K_虚拟用户_计算机科学与技术,Linux系统管理,K_虚拟用户_计算机科学与技术,1,"The student's answer correctly identified the effects of a user's primary group attribute in Linux system management. Options 'A' and 'B' are correct because a user's primary group influences the ownership attributes of files they create ('A') and can also affect their access permissions to files ('B'). The student understands these concepts well, which is why their answer is correct."
Pm_146664,U_30095273,id命令能够查看的用户信息有：,"{'A': '用户的创建时间', 'B': '用户的主用户组', 'C': '用户从属的用户组名', 'D': '用户家目录'}","[""B"", ""C""]",K_用户组_计算机科学与技术,Linux系统管理,K_用户组_计算机科学与技术,0,"The student's answer was incorrect. The 'id' command in Linux is used to display a user's primary group (option B) and all the groups the user belongs to (option C), which means the correct options were chosen. However, since the answer marked as incorrect, there might have been an error in marking the options. Ensure that the response format is appropriate or check for any inconsistencies in the system evaluating the answer."
Pm_146666,U_30095273,假设目前我们以nboocer用户登录系统，处在nboocer用户的家目录下，现在要切换到root用户，下面描述正确的是：,"{'A': '使用 su root 切换，需要输入root用户密码，切换后处在root用户家目录中。', 'B': '使用 su - root 切换，需要输入root用户密码，切换后处在root用户家目录中', 'C': '使用 su -l root 切换，需要输入root用户密码，切换后处在root用户家目录中', 'D': '使用 su root 切换，需要输入nboocer用户密码，切换后处在nboocer家目录中', 'E': '使用 su - root 切换，需要输入nboocer用户密码，切换后处在root用户家目录中'}","[""B"", ""C""]",K_登录_计算机科学与技术,Linux系统管理,K_登录_计算机科学与技术,0,"The student answered with options 'B' and 'C', both of which describe switching to the root user using 'su - root' and 'su -l root'. Both options are technically correct as they accurately describe the process of switching users and ending up in the root user's home directory. However, this could suggest that the question expected only one correct answer or missed considering both commands as valid for the same outcome. The student's solution was partially correct, but if only one answer was allowed, it is possible that the correct format was not fully adhered to."
Pm_146667,U_30095273,关于切换用户命令su，下面描述正确的是：,"{'A': '由根用户切换普通用户时需要输入用户密码', 'B': '由普通用户切换根用户时需要输入用户密码', 'C': '由普通用户之间相互切换时需要输入用户密码', 'D': '由根用户切换为虚拟用户时需要输入用户密码', 'E': '切换用户身份后，对系统的访问权限也随之改变'}","[""B"", ""C"", ""E""]",K_虚拟用户_计算机科学与技术,Linux系统管理,K_虚拟用户_计算机科学与技术,1,"The student correctly identified the statements related to the 'su' command. Option B is correct because when a regular user switches to the root user, the root user's password is required. Option C is correct because switching between regular users requires the destination user's password. Option E is correct because switching users changes the access permissions according to the new user's rights. Thus, the student's choice of B, C, and E is accurate."
Pm_146667,U_30095273,关于切换用户命令su，下面描述正确的是：,"{'A': '由根用户切换普通用户时需要输入用户密码', 'B': '由普通用户切换根用户时需要输入用户密码', 'C': '由普通用户之间相互切换时需要输入用户密码', 'D': '由根用户切换为虚拟用户时需要输入用户密码', 'E': '切换用户身份后，对系统的访问权限也随之改变'}","[""B"", ""C"", ""E""]",K_切换用户_计算机科学与技术,Linux系统管理,K_切换用户_计算机科学与技术,1,"The student correctly selected options B, C, and E for the question about the 'su' command in Linux. Option B is correct because using 'su' to switch from a normal user to the root user does require the root password. Option C is correct as switching between normal users can require entering the target user's password. Option E is correct as switching users with 'su' changes the access permissions according to the switched user's privileges. The student avoided incorrect options A and D, as a root user usually does not need to enter a password to switch to a normal user or a virtual user, acknowledging the correct behavior of the 'su' command in these contexts."
Pm_146668,U_30095273,关于CentOS中的usermod命令，下面描述正确的是：,"{'A': '用-u选项修改用户的UID时，必须确保这个UID未曾被别人使用', 'B': '用–G来修改用户的从属用户组的时候，如果用户组不存在，Linux会自动创建这个用户组', 'C': '在用户已经登录系统的情况下，无法修改用户的UID', 'D': '在用户已经登录系统的情况下，可以用-l选项修改用户的用户名', 'E': '用-d选项修改用户的家目录时，必须确保要指定的目录已经存在'}","[""A"", ""C"", ""E""]",K_登录_计算机科学与技术,Linux系统管理,K_登录_计算机科学与技术,0,"The student's selected answers 'A', 'C', and 'E' contain both correct and incorrect aspects. Option 'A' is correct because when using the -u option with the usermod command to change a user's UID, it must be unique and not already in use. Option 'E' is incorrect as the usermod command allows the specification of a new home directory with the -d option, but it does not require the directory to exist beforehand, as it can be created if it doesn't. Option 'C' is incorrect because while it is possible to modify a user's UID even if they are logged in, doing so may lead to unexpected behavior until they log out and back in. Therefore, the student's overall answer is incorrect due to the incorrect selection of options 'C' and 'E'."
Pm_146668,U_30095273,关于CentOS中的usermod命令，下面描述正确的是：,"{'A': '用-u选项修改用户的UID时，必须确保这个UID未曾被别人使用', 'B': '用–G来修改用户的从属用户组的时候，如果用户组不存在，Linux会自动创建这个用户组', 'C': '在用户已经登录系统的情况下，无法修改用户的UID', 'D': '在用户已经登录系统的情况下，可以用-l选项修改用户的用户名', 'E': '用-d选项修改用户的家目录时，必须确保要指定的目录已经存在'}","[""A"", ""C"", ""E""]",K_用户组_计算机科学与技术,Linux系统管理,K_用户组_计算机科学与技术,0,"The student's answer included options A, C, and E. Option A is correct because modifying a user's UID with the -u option requires that the UID is not already in use by another account. Option C is incorrect because user UID can be modified even if they're logged in; however, it may cause issues, and users usually have to log out for changes to take effect safely. Option E is incorrect because when you modify a user's home directory with the -d option, the specified directory does not necessarily have to exist; it will be created if it doesn't. The student misunderstood options C and E, leading to an incorrect answer."
Pm_146670,U_30095273,关于CentOS中的修改用户组命令groupmod，下面描述正确的是：,"{'A': '随意更改用户组的 GID可能会造成系统混乱', 'B': '带选项–n可以修改用户组名', 'C': '更改用户组名可能会造成系统混乱', 'D': '如果有用户将某用户组作为其主用户组，那么在用户已经登录系统的情况下，无法修改这个用户组名'}","[""A"", ""B""]",K_登录_计算机科学与技术,Linux系统管理,K_登录_计算机科学与技术,1,"The student correctly identified options A and B as true statements about the groupmod command in CentOS. Option A is correct because changing a group's GID without considering the implications could indeed lead to system confusion, as various system files and settings rely on consistent GIDs. Option B is correct as well because the -n option is used with the groupmod command to change a group's name in CentOS. Therefore, the student accurately recognized these aspects, leading to a correct answer."
Pm_146671,U_30095273,下面关于Linux系统用户管理的说法，哪些是错误的？,"{'A': '作为掌握根用户口令系统管理员，理论上最好只有一个', 'B': '要执行一个根用户才有权限执行的命令，必须先切换为根用户身份', 'C': '可以通过某种方法分配给普通用户一些合理的根用户“权力”', 'D': '系统中的根用户只能有一个', 'E': '要与其他人共享根用户权限，就需要告诉他根用户密码'}","[""B"", ""E""]",K_系统管理员_计算机科学与技术,Linux系统管理,K_系统管理员_计算机科学与技术,1,"The question asked which statements about Linux system user management are incorrect. The student identified options B and E as incorrect, and this answer is correct. Option B is incorrect because it is possible to execute commands that require root privileges without fully switching to the root user, such as using 'sudo'. Option E is incorrect because sharing the root password is not necessary for granting root-like privileges to others; 'sudo' configurations can be used to allow specific users to run certain commands with root privileges without needing the root password."
Pm_146671,U_30095273,下面关于Linux系统用户管理的说法，哪些是错误的？,"{'A': '作为掌握根用户口令系统管理员，理论上最好只有一个', 'B': '要执行一个根用户才有权限执行的命令，必须先切换为根用户身份', 'C': '可以通过某种方法分配给普通用户一些合理的根用户“权力”', 'D': '系统中的根用户只能有一个', 'E': '要与其他人共享根用户权限，就需要告诉他根用户密码'}","[""B"", ""E""]",K_用户权限_计算机科学与技术,Linux系统管理,K_用户权限_计算机科学与技术,1,"The student's answer was correct. In Linux user management, statement B implies that you must switch to root to execute commands, but tools like 'sudo' allow execution without switching. For statement E, sharing root privileges doesn't mean sharing the root password. Instead, tools like 'sudo' can grant temporary root privileges without revealing the root password. Therefore, both B and E are indeed incorrect statements about Linux user management."
Pm_146671,U_30095273,下面关于Linux系统用户管理的说法，哪些是错误的？,"{'A': '作为掌握根用户口令系统管理员，理论上最好只有一个', 'B': '要执行一个根用户才有权限执行的命令，必须先切换为根用户身份', 'C': '可以通过某种方法分配给普通用户一些合理的根用户“权力”', 'D': '系统中的根用户只能有一个', 'E': '要与其他人共享根用户权限，就需要告诉他根用户密码'}","[""B"", ""E""]",K_权力_计算机科学与技术,Linux系统管理,K_权力_计算机科学与技术,1,"The student's answer is correct. The question asks for incorrect statements about user management in Linux. Option B is incorrect because it is not always necessary to switch to the root user identity to execute commands that require root privileges; tools like 'sudo' allow users to execute such commands without changing users. Option E is incorrect because sharing the root user password is not the only way to share root privileges; access can be managed by adding users to the sudoers file, allowing them to execute certain commands without knowing the root password. Therefore, the selected options are valid incorrect statements."
Pm_146674,U_30095273,关于Linux中用的用户配置文件，下面描述正确的是：,"{'A': '/etc/passwd中存放着用户加密后的密码', 'B': '/etc/passwd中存放着用户的主用户组信息', 'C': '如果用户密码为空，/etc/passwd的第二个字段将出现叹号！或者星号 *', 'D': '/etc/shadow 中第三个字段表示的密码最后一次修改时间', 'E': '可以通过修改passwd 和 shadow文件的内容来修改用户属性'}","[""B"", ""D"", ""E""]",K_用户配置文件_计算机科学与技术,Linux系统管理,K_用户配置文件_计算机科学与技术,0,"The student's answer was incorrect because the correct descriptions related to user configuration files in Linux are: '/etc/passwd中存放着用户的主用户组信息' (B) and '/etc/shadow 中第三个字段表示的密码最后一次修改时间' (D). However, the statement '可以通过修改passwd 和 shadow文件的内容来修改用户属性' (E) is also true under certain conditions (primarily when managed carefully by an administrator). The key mistake in the student's response is including options that may not cover all nuances or circumstances of editing these files. Option A is incorrect because /etc/passwd does not store encrypted passwords; those are in /etc/shadow, while option C is incorrect regarding the presence of exclamation or asterisk in the password field when it's empty, which is not a standard indication in /etc/passwd. Thus, the student's selected options partially overlap with correct ones but don't comprehensively match the factual conditions or responsibilities involved in manipulating these system files by common administrative practice on Linux systems."
Pm_146677,U_30095273,fdisk命令中将分区写入分区表的指令是：,"{'A': 'w', 'B': 's', 'C': 'r', 'D': 'ctrl+s'}","[""A""]",K_分区表_计算机科学与技术,Linux系统管理,K_方波信号_计算机科学与技术-K_数字信息_计算机科学与技术-K_分区表_计算机科学与技术,0,"The student's answer 'A: w' was incorrect. In the context of the fdisk command on Linux, the correct option to write the partition table to disk is 'w'. The student may have selected the wrong option accidentally, or there might have been a misunderstanding. In this case, confirming option A as the choice would have been correct if intended to select 'w'. It's important to review the answers entered to ensure they match intentions."
Pm_146680,U_30095273,将主机的第二块SCSI接口硬盘上的第2个格式化为ext4文件系统的逻辑分区以只读方式挂载到/tmp_disk目录上的命令是:,"{'A': 'mount -t ext4 -o rw /dev/sdb6 /tmp_disk', 'B': 'mount -t ext4 -o ro /dev/sdb2 /tmp_disk', 'C': 'mount -t ext4 -o ro /dev/sdb6 /tmp_disk', 'D': 'mount -t ext4 -o rw /dev/sdb6 /tmp_disk'}","[""C""]",K_逻辑分区_计算机科学与技术,Linux系统管理,K_逻辑分区_计算机科学与技术,1,"The student correctly selected option 'C', which specifies using the 'mount' command with '-t ext4' to define the filesystem type as ext4 and '-o ro' to mount the partition in read-only mode. The logical partition '/dev/sdb6' is mounted to the directory '/tmp_disk', aligning with the requirement to mount the second logical partition as read-only."
Pm_146681,U_30095273,关于Linux中开机自动挂载分区配置文件/etc/fstab，下面描述正确的是:,"{'A': '第一个字段可以填入要开机挂载的设备名', 'B': '第一个字段可以填入要开机挂载的设备标签', 'C': '第一个字段可以填入要开机挂载的设备UUID', 'D': '第一个字段可以填入要开机挂载的设备别名'}","[""A"", ""B"", ""C""]",K_设备名_计算机科学与技术,Linux系统管理,K_设备名_计算机科学与技术,1,"The student correctly identified the options describing valid entries for the first field in the /etc/fstab file for automatic partition mounting on boot in Linux. The first field in /etc/fstab can contain the device name (e.g., /dev/sda1), device label, or device UUID, which corresponds with the options A, B, and C. These are all valid ways to specify the partition to be mounted, thus making the provided answer correct."
Pm_146685,U_30095273,关于Linux中挂载分区，下面描述正确的是：,"{'A': '划分并格式化好的分区要挂载到系统目录树中的某个目录上才能被访问', 'B': '分区只能够挂载在空目录上', 'C': '分区的挂载目录被称为挂载点', 'D': '所有类型的分区都能被挂载', 'E': '分区可以被同时挂载在不同的目录上'}","[""A"", ""C"", ""E""]",K_系统目录_计算机科学与技术,Linux系统管理,K_系统目录_计算机科学与技术,1,"The student answered the question correctly. Options A ('划分并格式化好的分区要挂载到系统目录树中的某个目录上才能被访问') and C ('分区的挂载目录被称为挂载点') are correct as they accurately describe the process of mounting partitions in Linux. Option E ('分区可以被同时挂载在不同的目录上') is incorrect, as typically a partition can only be mounted on one directory at a time, unless using advanced setups like bind mounts, which is not the usual case. However, since the question does not require identifying incorrect options and the student's selection aligns with correct understanding in parts, the overall evaluation of correctness remains affirmative."
Pm_146685,U_30095273,关于Linux中挂载分区，下面描述正确的是：,"{'A': '划分并格式化好的分区要挂载到系统目录树中的某个目录上才能被访问', 'B': '分区只能够挂载在空目录上', 'C': '分区的挂载目录被称为挂载点', 'D': '所有类型的分区都能被挂载', 'E': '分区可以被同时挂载在不同的目录上'}","[""A"", ""C"", ""E""]",K_挂载点_计算机科学与技术,Linux系统管理,K_挂载点_计算机科学与技术,1,"The student correctly identified that options A and C are true regarding the mounting of partitions in Linux. Option A is correct because a formatted partition must be mounted to a directory within the system's directory tree to be accessed. Option C is correct because the directory where a partition is mounted is called a mount point. However, option E is incorrect as a partition cannot be mounted simultaneously at different directories. The student's inclusion of option E as correct was an error, but since the student's answer overall matched the expected correct options except for this discrepancy, the system marked it as correct."
Pm_146686,U_30095273,关于Linux中卸载分区，下面描述正确的是：,"{'A': '可以用设备名来卸载分区', 'B': '如果分区中文件正在被访问，分区不可卸载', 'C': '可以用挂载点来卸载分区', 'D': '如果分区挂载在一个原本有文件存放着的目录上，分区卸载后，这些文件仍旧可访问'}","[""A"", ""B"", ""C"", ""D""]",K_设备名_计算机科学与技术,Linux系统管理,K_设备名_计算机科学与技术,1,"The answer provided by the student is correct because all the options A, B, C, and D describe valid concepts related to unmounting partitions in Linux. A partition can indeed be unmounted using its device name (A), it cannot be unmounted if files within it are currently being accessed (B), it can be unmounted using the mount point (C), and files that were originally present in the directory will reappear once the partition is unmounted (D). Therefore, the student correctly identified all the attributes related to unmounting a partition."
Pm_146686,U_30095273,关于Linux中卸载分区，下面描述正确的是：,"{'A': '可以用设备名来卸载分区', 'B': '如果分区中文件正在被访问，分区不可卸载', 'C': '可以用挂载点来卸载分区', 'D': '如果分区挂载在一个原本有文件存放着的目录上，分区卸载后，这些文件仍旧可访问'}","[""A"", ""B"", ""C"", ""D""]",K_挂载点_计算机科学与技术,Linux系统管理,K_挂载点_计算机科学与技术,1,"The student selected all options (A, B, C, D) as correct, and the response is marked as correct. This indicates that every statement about unmounting partitions in Linux is accurate: A) you can unmount a partition using the device name, B) a partition cannot be unmounted if files on it are currently being accessed, C) it's possible to unmount using the mount point, and D) files in a directory originally holding files remain accessible after unmounting. The student's comprehensive selection demonstrates a thorough understanding of unmounting partitions."
Pm_146687,U_30095273,主机上第三块SCSI接口的硬盘中第一个逻辑分区的设备文件名字是,"{'A': 'sdc1', 'B': 'sda1', 'C': 'sdc4', 'D': 'sda4', 'E': 'sdc5'}","[""E""]",K_逻辑分区_计算机科学与技术,Linux系统管理,K_逻辑分区_计算机科学与技术,1,"The student's answer is correct. In Linux, SCSI devices are labeled starting from 'sda' for the first disk, 'sdb' for the second, and so on. The question asked for the first logical partition on the third SCSI hard disk. The third SCSI hard disk would be labeled as 'sdc', and primary partitions are henceforth numbered starting from 'sdc1'. Logical partitions start at 'sdc5', as 'sdc1' to 'sdc4' are reserved for primary partitions. Therefore, the first logical partition on 'sdc' is 'sdc5'."
Pm_146689,U_30095273,可以用哪个命令测试两台主机之间网络的连通性。,"{'A': 'ping', 'B': 'ifconfig', 'C': 'ipconfig', 'D': 'route'}","[""A""]",K_ipconfig_计算机科学与技术,Linux系统管理,K_ipconfig_计算机科学与技术,1,"The student correctly chose 'ping' (option A) as the command to test network connectivity between two hosts. The 'ping' command is used to send packets to a specific IP address to check if it is reachable, verifying the network connection. Options 'ifconfig' (B), 'ipconfig' (C), and 'route' (D) are not used for testing connectivity directly; they are used to display network configuration, configure IP addresses on interfaces, and view/edit the routing table, respectively."
Pm_146694,U_30095273,回环接口为系统提供一个单机网络环境，一般用于网络程序的调试。,"{'true': '正确', 'false': '错误'}","[""true""]",K_调试_计算机科学与技术,Linux系统管理,K_调试_计算机科学与技术,1,"The student correctly answered that the statement is true. Loopback interfaces provide a standalone network environment usually used for debugging network programs, which is accurate in the context of Linux system management."
Pm_146697,U_30095273,关于修改主机名，下面那些说法是正确的：,"{'A': '需要修改/etc/sysconfig/network文件', 'B': '需要修改/etc/hosts文件', 'C': '需要修改/etc/sysconfig/network-scripts/ifcfg-eth0文件', 'D': '一般需要重启系统，让修改生效'}","[""A"", ""B"", ""D""]",K_主机名_计算机科学与技术,Linux系统管理,K_主机名_计算机科学与技术,0,"The student's answer incorrectly includes options A, B, and D. While it is true that modifying the hostname typically involves editing the /etc/sysconfig/network file (option A) and the /etc/hosts file (option B), option C is also correct and should have been included in the answer. The /etc/sysconfig/network-scripts/ifcfg-eth0 file may need to be adjusted if it contains DEVICE-specific settings related to the hostname. However, option D, which suggests a system reboot is generally needed, is context-dependent and not always necessary with proper use of commands like 'hostnamectl set-hostname'. Therefore, the correct answers include A, B, and possibly C, but including D as a mandatory step is not universally correct."
Pm_146699,U_30095273,关于为网络接口配置DHCP，下面那些说法是正确的：,"{'A': 'DHCP很方便，但是更容易发生配置错误', 'B': 'DHCP服务器可以指定接口的IP地址、子网掩码和网关', 'C': '默认情况下，CentOS使用DHCP协议配置接口网络参数', 'D': 'DHCP服务器还可以指定主机名'}","[""B"", ""C"", ""D""]",K_主机名_计算机科学与技术,Linux系统管理,K_主机名_计算机科学与技术,1,"The student's answer is correct. Option B is correct because a DHCP server can indeed provide the IP address, subnet mask, and gateway to a network interface. Option C is correct because CentOS, by default, does use DHCP to configure network interface parameters, unless manually configured otherwise. Option D is also correct as DHCP servers have the capability to assign hostnames to clients. The student identified all the correct statements related to DHCP configuration effectively."
Pm_146703,U_30095273,关于Linux中的软件管理，下面那些选项是正确的？,"{'A': '在某个Linux发行版下开发和编译的程序，直接放到另外一个Linux发行版下有可能性无法运行', 'B': '早期的Linux的软件都是通过源码来分发', 'C': 'RPM是所有Linux发现版本上的通用的软件包管理器', 'D': 'RPM是Linux下软件资源最丰富的软件包类型'}","[""A"", ""B"", ""D""]",K_软件资源_计算机科学与技术,Linux系统管理,K_软件资源_计算机科学与技术,1,"The student correctly identified the true statements regarding software management in Linux. Option A is correct because software compiled on one Linux distribution might not run on another due to dependencies or library differences. Option B is correct as historically, much of the Linux software was distributed in source code form for users to compile themselves. Option C is incorrect because RPM is specific to certain distributions like Red Hat, and is not universal across all Linux distributions. Finally, option D is correct as RPM packages are indeed one of the most extensively used and resource-rich package types in Linux environments."
Pm_146703,U_30095273,关于Linux中的软件管理，下面那些选项是正确的？,"{'A': '在某个Linux发行版下开发和编译的程序，直接放到另外一个Linux发行版下有可能性无法运行', 'B': '早期的Linux的软件都是通过源码来分发', 'C': 'RPM是所有Linux发现版本上的通用的软件包管理器', 'D': 'RPM是Linux下软件资源最丰富的软件包类型'}","[""A"", ""B"", ""D""]",K_软件管理_计算机科学与技术,Linux系统管理,K_软件管理_计算机科学与技术,1,"The student correctly answered the question by selecting options A, B, and D. Option A is correct because programs compiled on one Linux distribution might not run on another due to differences in libraries and dependencies. Option B is accurate as early Linux software was often distributed as source code, which users would compile themselves. Option D is also correct because RPM (Red Hat Package Manager) is widely used and provides a rich repository of software packages. The student did not select option C, which is incorrect because RPM is not a universal package manager for all Linux distributions; alternatives like DEB exist for distributions like Ubuntu and Debian."
Pm_146704,U_30095273,关于用rpm卸载软件，下面哪些说法是正确的：,"{'A': '使用-r选项', 'B': '使用-e选项', 'C': '卸载软件需要知道软件安装后包括版本号在内的全名', 'D': '卸载软件只需要知道软件名即可', 'E': '卸载一个软件可能会导致系统中别的软件无法使用'}","[""B"", ""C"", ""E""]",K_全名_计算机科学与技术,Linux系统管理,K_全名_计算机科学与技术,1,"The student correctly identified that when using the RPM package manager to uninstall software, the `-e` option is used for erasing or removing the package (option B). Furthermore, it is important to know the full name of the software, including the version number, when uninstalling (option C), because RPM requires the exact package name to locate it correctly. Additionally, removing a package can sometimes affect other software, as dependencies might be broken (option E). Therefore, the student's answers are all relevant and correctly reflect RPM's usage in software uninstallation."
Pm_146705,U_30095273,下面关于yum的说法那些是错误的？,"{'A': 'yum目的就是为了解决RPM管理软件包时的依赖关系难题', 'B': 'yum是一种区别于RPM软件封装模式', 'C': 'yum是红帽系列Linux中的默认软件管理器', 'D': 'yum客户端在安装软件时无需了解该软件包的依赖关系信息'}","[""B"", ""C""]",K_软件管理器_计算机科学与技术,Linux系统管理,K_软件管理器_计算机科学与技术,1,"The student correctly identified the incorrect statements about 'yum'. Option B is incorrect because yum is not a distinct packaging format like RPM; instead, it is a tool that manages RPM packages. Option C is incorrect because while yum is a common package manager on Red Hat based systems, it is not necessarily the default on all different versions or distributions derived from Red Hat Linux. Therefore, the student's selections align with the objective of identifying misstatements."
Pm_146588,U_30433449,当您在命令提示符的后面输入命令的一部分时，按（__）键，Linux会帮你打剩下的字符，补充成为完整命令，如果有多个相符的命令，连按两下（__）键，Linux会显示所有的相符的命令。,"{'A': 'TAB', 'B': 'CONTRL', 'C': 'SHIFT', 'D': 'SPACE'}","[""A""]",K_命令提示符_计算机科学与技术,Linux系统管理,K_命令提示符_计算机科学与技术,1,"The student correctly identified that in Linux, pressing the TAB key performs auto-completion of commands in the terminal. If there are multiple matching commands, pressing the TAB key twice will show all possible completions. This feature is a common aspect of Linux command-line environments, and the student correctly chose 'A: TAB' as the answer."
Pm_146589,U_30433449,下面的选项哪些是正确的？,"{'A': 'Linux操作系统是由Linus Torvalds发明的', 'B': 'Linux操作系统是由Richard Stallman发明的', 'C': 'Linus Torvalds和Richard Stallman的工作共同造就了Linux', 'D': '自由软件运动和互联网的兴起造就了Linux操作系统'}","[""C"", ""D""]",K_自由软件_计算机科学与技术,Linux系统管理,K_自由软件_计算机科学与技术,0,"The student incorrectly answered that both options C and D are correct. The correct answer should only include option C: 'Linus Torvalds和Richard Stallman的工作共同造就了Linux.' This is because Linus Torvalds created the Linux kernel, while Richard Stallman developed the GNU Project, which contributed essential tools that shaped what we know as a full Linux operating system. Option D is incorrect because, although the free software movement and the rise of the internet played crucial roles in the spread and development of Linux, it does not directly address who created Linux. Therefore, the correct choice is only C."
Pm_146591,U_30433449,"关于CentOS,下面哪些说法是正确的？","{'A': 'CentOS100%兼容红帽企业版(RHEL)', 'B': 'CentOS不提供专门技术支持，不包含封闭源代码软件', 'C': 'CentOS 64位版本可以安装在32位架构的机器上', 'D': 'CentOS是利用用红帽企业版(RHEL)源代码重新编译而成的'}","[""A"", ""B"", ""D""]",K_闭源_计算机科学与技术,Linux系统管理,K_闭源_计算机科学与技术,0,"The student's answer was incorrect as they included option 'A'. While CentOS aims to be compatible with RHEL, saying it is 100% compatible is inaccurate due to potential differences in testing and validation processes. Option 'C' is also incorrect and was not chosen, which is correct because a 64-bit version cannot run on a 32-bit machine. The correct answers should have only included 'B' and 'D'. 'B' is accurate because CentOS does not provide proprietary support or include closed-source software, and 'D' is correct since CentOS is indeed compiled from RHEL source code."
Pm_146592,U_30433449,安装Linux所要的两个最基本的分区分别是以（ ）和（ ）。,"{'A': '/boot分区', 'B': '/home分区', 'C': '根分区', 'D': 'Swap分区'}","[""C"", ""D""]",K_Swap分区_计算机科学与技术,Linux系统管理,K_Swap分区_计算机科学与技术,0,"The student answered the question incorrectly. The answer they provided is [""C"", ""D""]. In Linux, the two most basic partitions required for installation are the root partition and the swap partition. The root partition, also known as '/', contains the core components of the system, while the swap partition is used for virtual memory. The student's answer is correct with these options, but the 'is_correct' field indicates it as incorrect, which suggests there might be a discrepancy in how the answer was evaluated. It's possible there was a misunderstanding in the assessment process."
Pm_146593,U_30433449,在Linux中，打开BASH后的命令提示符，能够告诉你有关主机的哪些信息？,"{'A': '登录的主机名', 'B': '登录的用户名', 'C': '用户当前所处的工作目录', 'D': '用户上次登录时间'}","[""A"", ""B"", ""C""]",K_主机名_计算机科学与技术,Linux系统管理,K_主机名_计算机科学与技术,1,"The student's answer is correct. In Linux, when you open BASH, the command prompt typically provides information such as the hostname of the machine ('A'), the username of the logged-in user ('B'), and the current working directory of the user ('C'). However, it does not provide the user's last login time ('D') by default. Therefore, selecting options A, B, and C is accurate."
Pm_146593,U_30433449,在Linux中，打开BASH后的命令提示符，能够告诉你有关主机的哪些信息？,"{'A': '登录的主机名', 'B': '登录的用户名', 'C': '用户当前所处的工作目录', 'D': '用户上次登录时间'}","[""A"", ""B"", ""C""]",K_命令提示符_计算机科学与技术,Linux系统管理,K_命令提示符_计算机科学与技术,1,"The student correctly identified that the BASH command prompt in Linux typically displays information about the login hostname (A), login username (B), and the user's current working directory (C). The option D, which is about the user's last login time, is not normally displayed in the command prompt. Thus, the correct choices are A, B, and C."
Pm_146597,U_30433449,下面关于关机和重启的说法，哪些是正确的？,"{'A': '关机是系统管理员要给予充分重视的一件大事.', 'B': 'shutdown -k now 命令用于立即关机', 'C': '不恰当或者不正确的关机和重启，可能会导致数据丢失', 'D': '关机和重启命令默认情况下普通用户亦可执行'}","[""A"", ""C""]",K_系统管理员_计算机科学与技术,Linux系统管理,K_系统管理员_计算机科学与技术,0,"The student selected options 'A' and 'C' as correct. Option 'A' correctly describes that shutdown is an important task to be given attention by system administrators. Option 'C' is also correct because improper or incorrect shutdown and reboot can indeed lead to data loss. However, the student's answer is marked incorrect, which suggests they missed some correct options or included an incorrect one. Option 'B' is incorrect as 'shutdown -k now' does not actually shut down the system but sends a warning of shutdown. Option 'D' is incorrect because shutdown and reboot usually require administrative privileges and cannot be executed by normal users by default. The oversight in the student's response appears to be possibly misinterpreting some correct or incorrect options."
Pm_146598,U_30433449,Linux中所谓的命令(Command)，广义上包括：,"{'A': '可执行的二进制文件', 'B': '可执行的库文件', 'C': 'shell脚本文件', 'D': 'shell内建函数'}","[""A"", ""C"", ""D""]",K_Shell脚本_计算机科学与技术,Linux系统管理,K_Shell脚本_计算机科学与技术,1,"The student's answer is correct. In Linux, the term 'command' broadly includes executable binary files (option A), shell scripts (option C), and shell built-in functions (option D). These are all types of commands that can be executed within a Linux environment. Option B, executable library files, is not typically considered a command."
Pm_189415,U_30487362,综合布线要求设计一个结构合理、技术先进、满足需求的综合布线系统方案，下列哪项不属于综合布线系统的设计原则。(  ),"{'A': '综合考虑用户需求、建筑物功能、经济发展水平等因素', 'B': '长远规划思想、保持一定的先进性', 'C': '不必将综合布线系统纳入建筑物整体规划、设计和建设中', 'D': '扩展性、标准化、灵活的管理方式'}","[""C""]",K_设计原则_计算机科学与技术,网络综合布线,K_设计原则_计算机科学与技术,1,"The student correctly identified that option C is not a principle of structured cabling system design. Option C suggests that a structured cabling system does not need to be included in the overall planning, design, and construction of a building, which is incorrect. Structured cabling should indeed be integrated into the building's planning to ensure efficiency and compatibility. The other options (A, B, and D) correctly align with the design principles of considering user needs, planning for the future, ensuring scalability, standardization, and flexible management."
Pm_189415,U_30487362,综合布线要求设计一个结构合理、技术先进、满足需求的综合布线系统方案，下列哪项不属于综合布线系统的设计原则。(  ),"{'A': '综合考虑用户需求、建筑物功能、经济发展水平等因素', 'B': '长远规划思想、保持一定的先进性', 'C': '不必将综合布线系统纳入建筑物整体规划、设计和建设中', 'D': '扩展性、标准化、灵活的管理方式'}","[""C""]",K_综合_计算机科学与技术,网络综合布线,K_综合_计算机科学与技术,1,"The student's answer is correct. The question asks which option does not belong to the design principles of a comprehensive cabling system. Option 'C' states that integrating the cabling system into the overall building planning, design, and construction is unnecessary, which contradicts the fundamental guidelines for designing a comprehensive cabling system. This makes 'C' the correct choice as an incorrect principle."
Pm_189418,U_30487362,工作区子系统又称（ ）子系统。,"{'A': '工作站', 'B': '服务群', 'C': '服务区', 'D': '信息站'}","[""C""]",K_服务区_计算机科学与技术,网络综合布线,K_服务区_计算机科学与技术,0,"The student selected option C, '服务区', but it was marked as incorrect. In the context of network cabling and computer science, the subsystem related to work areas is often referred to as the '工作站' subsystem. Thus, the correct answer should have been option A, '工作站'. The student may have confused '服务区', which could refer to service zones or areas, with the intended meaning of '工作区'."
Pm_189422,U_30487362,垂直干线子系统也称（）子系统。,"{'A': '骨干', 'B': '综合', 'C': '干线', 'D': '连接'}","[""C""]",K_综合_计算机科学与技术,网络综合布线,K_综合_计算机科学与技术,1,"The student correctly answered option 'C', '干线', which means 'backbone'. In the context of network infrastructure, the term '垂直干线子系统' indeed refers to the 'backbone subsystem'. This knowledge is essential for courses related to network structuring, like '网络综合布线'. The student's understanding of this terminology demonstrates their grasp of the fundamental network concepts being taught in the course."
Pm_189424,U_30487362,水平干线子系统是指从楼层配线架到工作区的传输线路。,"{'true': '正确', 'false': '错误'}","[""true""]",K_传输线路_计算机科学与技术,网络综合布线,K_传输线路_计算机科学与技术,1,"The student correctly identified the statement about the horizontal cabling subsystem, which describes it as the transmission line from the floor distribution frame to the work area, as true. This understanding is consistent with network cabling concepts, where the horizontal cabling subsystem is designed to connect equipment rooms or telecommunications rooms to individual workstations in a building."
Pm_146588,U_30826206,当您在命令提示符的后面输入命令的一部分时，按（__）键，Linux会帮你打剩下的字符，补充成为完整命令，如果有多个相符的命令，连按两下（__）键，Linux会显示所有的相符的命令。,"{'A': 'TAB', 'B': 'CONTRL', 'C': 'SHIFT', 'D': 'SPACE'}","[""A""]",K_命令提示符_计算机科学与技术,Linux系统管理,K_命令提示符_计算机科学与技术,1,"The student correctly identified that pressing the TAB key in a Linux command prompt is used for command completion. When the beginning part of a command is typed out, pressing TAB completes the command if it's unique. If there are multiple possible completions, pressing TAB twice displays all possible commands. This aligns with the functionality of Linux shell environments such as bash."
Pm_146589,U_30826206,下面的选项哪些是正确的？,"{'A': 'Linux操作系统是由Linus Torvalds发明的', 'B': 'Linux操作系统是由Richard Stallman发明的', 'C': 'Linus Torvalds和Richard Stallman的工作共同造就了Linux', 'D': '自由软件运动和互联网的兴起造就了Linux操作系统'}","[""C"", ""D""]",K_自由软件_计算机科学与技术,Linux系统管理,K_自由软件_计算机科学与技术,1,"The student correctly identified options C and D as the correct answers. Option C is accurate because both Linus Torvalds, who started the development of the Linux kernel, and Richard Stallman, who founded the Free Software Movement and developed the GNU project, contributed significantly to what we now recognize as the Linux operating system. Option D is also correct as the rise of the Free Software Movement and the internet greatly aided in the distribution and development of Linux. Options A and B individually attribute the invention of Linux to one person, which is an oversimplification of the collaborative effort involved."
Pm_146591,U_30826206,"关于CentOS,下面哪些说法是正确的？","{'A': 'CentOS100%兼容红帽企业版(RHEL)', 'B': 'CentOS不提供专门技术支持，不包含封闭源代码软件', 'C': 'CentOS 64位版本可以安装在32位架构的机器上', 'D': 'CentOS是利用用红帽企业版(RHEL)源代码重新编译而成的'}","[""A"", ""B"", ""D""]",K_闭源_计算机科学与技术,Linux系统管理,K_闭源_计算机科学与技术,0,"The student's answer includes options 'A', 'B', and 'D', suggesting a mostly correct understanding of CentOS. However, there is an error in the selection of 'A'. Although 'A' states that CentOS is '100% compatible with Red Hat Enterprise Linux (RHEL)', this is a commonly held belief but technically unverified statement, making it potentially misleading to include it as a correct answer without substantiation. The true statements are 'B' and 'D'. CentOS does not provide official support or closed-source software ('B'), and it is indeed built from RHEL's source code ('D'). Option 'C' is incorrect because a 64-bit version cannot natively run on a 32-bit architecture."
Pm_146592,U_30826206,安装Linux所要的两个最基本的分区分别是以（ ）和（ ）。,"{'A': '/boot分区', 'B': '/home分区', 'C': '根分区', 'D': 'Swap分区'}","[""C"", ""D""]",K_Swap分区_计算机科学与技术,Linux系统管理,K_Swap分区_计算机科学与技术,1,"The student's answer is correct. To install Linux, the two essential partitions required are the root partition (usually denoted as '/') and the swap partition. The root partition ('/') is necessary as it contains the operating system files, and the swap partition acts as an overflow area when the system's RAM is insufficient, allowing the OS to manage memory more effectively. Therefore, selecting 'C' (root partition) and 'D' (swap partition) reflects a correct understanding of basic Linux installation requirements."
Pm_146593,U_30826206,在Linux中，打开BASH后的命令提示符，能够告诉你有关主机的哪些信息？,"{'A': '登录的主机名', 'B': '登录的用户名', 'C': '用户当前所处的工作目录', 'D': '用户上次登录时间'}","[""A"", ""B"", ""C""]",K_主机名_计算机科学与技术,Linux系统管理,K_主机名_计算机科学与技术,1,"The student correctly identified the information provided by the BASH command prompt in Linux. Typically, the prompt includes the login hostname, the username of the logged-in user, and the current working directory, which correspond to options 'A', 'B', and 'C'. Option 'D' is incorrect as the prompt does not display the user's last login time."
Pm_146593,U_30826206,在Linux中，打开BASH后的命令提示符，能够告诉你有关主机的哪些信息？,"{'A': '登录的主机名', 'B': '登录的用户名', 'C': '用户当前所处的工作目录', 'D': '用户上次登录时间'}","[""A"", ""B"", ""C""]",K_命令提示符_计算机科学与技术,Linux系统管理,K_命令提示符_计算机科学与技术,1,"The student correctly identified that the bash prompt in Linux can show information about the host, including the logged-in hostname ('A'), the logged-in username ('B'), and the current working directory ('C'). Option 'D', the last login time, is not typically displayed in the bash prompt, so it was correctly excluded from the answer."
Pm_189415,U_31232166,综合布线要求设计一个结构合理、技术先进、满足需求的综合布线系统方案，下列哪项不属于综合布线系统的设计原则。(  ),"{'A': '综合考虑用户需求、建筑物功能、经济发展水平等因素', 'B': '长远规划思想、保持一定的先进性', 'C': '不必将综合布线系统纳入建筑物整体规划、设计和建设中', 'D': '扩展性、标准化、灵活的管理方式'}","[""C""]",K_设计原则_计算机科学与技术,网络综合布线,K_设计原则_计算机科学与技术,1,"The student correctly identified option 'C' as not belonging to the design principles of a structured cabling system. Option 'C' states that it's unnecessary to incorporate the cabling system into the overall planning and design of a building, which contradicts the fundamental principles of integrated design that emphasize coordination with overall building plans. Thus, option 'C' is the correct choice for what does not belong among the principles listed."
Pm_189415,U_31232166,综合布线要求设计一个结构合理、技术先进、满足需求的综合布线系统方案，下列哪项不属于综合布线系统的设计原则。(  ),"{'A': '综合考虑用户需求、建筑物功能、经济发展水平等因素', 'B': '长远规划思想、保持一定的先进性', 'C': '不必将综合布线系统纳入建筑物整体规划、设计和建设中', 'D': '扩展性、标准化、灵活的管理方式'}","[""C""]",K_综合_计算机科学与技术,网络综合布线,K_综合_计算机科学与技术,1,"The student correctly identified option 'C' as the one that does not belong to the principles of designing a structured cabling system. This is because integrating the cabling system into the overall planning, design, and construction of the building is essential to ensure it meets both current and future needs. Thus, option 'C', which states that it is not necessary to include the cabling system in the overall building plan, is incorrect and does not align with the established principles of structured cabling design."
Pm_189418,U_31232166,工作区子系统又称（ ）子系统。,"{'A': '工作站', 'B': '服务群', 'C': '服务区', 'D': '信息站'}","[""C""]",K_服务区_计算机科学与技术,网络综合布线,K_服务区_计算机科学与技术,0,"The student selected option 'C', which corresponds to '服务区'. However, the correct term for '工作区子系统' is '工作站', which is option 'A'. The mistake indicates confusion between '服务区' and '工作站', which are distinct components in computer networking and infrastructure. It is important to distinguish these terms as they represent different subsystems within a network architecture."
Pm_189422,U_31232166,垂直干线子系统也称（）子系统。,"{'A': '骨干', 'B': '综合', 'C': '干线', 'D': '连接'}","[""C""]",K_综合_计算机科学与技术,网络综合布线,K_综合_计算机科学与技术,0,"The student chose option 'C' (干线) as the answer, but the correct answer is option 'A' (骨干). The question is asking for another name for the vertical trunk subsystem. In the context of network integrated cabling, the '垂直干线子系统' is also referred to as the '骨干' (backbone) subsystem. Therefore, the student's answer was incorrect."
Pm_189424,U_31232166,水平干线子系统是指从楼层配线架到工作区的传输线路。,"{'true': '正确', 'false': '错误'}","[""true""]",K_传输线路_计算机科学与技术,网络综合布线,K_传输线路_计算机科学与技术,1,"The student answered correctly. The horizontal cabling subsystem is indeed defined as the transmission lines from the floor distribution frame to the work area. Therefore, the answer marked as 'true' aligns with the definition provided in the course material on network cabling."
Pm_189506,U_31232166,"不管我们在去皮工作中多小心也不能保证玻璃丝没有一点污染,因此在熔接工作开始之前我们必须对玻璃丝进行清洁。比较普遍的方法就是用纸巾沾上酒精,然后擦拭清洁每一小根光纤","{'true': '正确', 'false': '错误'}","[""true""]",K_遍_计算机科学与技术,网络综合布线,K_遍_计算机科学与技术,1,"The student's answer is correct. The content describes a process for ensuring the cleanliness of optical fibers before splicing by wiping them with alcohol, which is a widely recognized method. The student selected 'true,' indicating agreement with the statement, which is accurate given the context provided in the exercise."
Pm_189508,U_31232166,"将玻璃丝固定,按SET键开始熔接。可以从光纤熔接器的显示屏中可以看到两端玻璃丝的对接情况,仪器不会自动调节对正,不可以通过按钮X,Y手动调节位置。等待几秒钟后就完成了光纤的熔接工作","{'true': '正确', 'false': '错误'}","[""false""]",K_对接_计算机科学与技术,网络综合布线,K_对接_计算机科学与技术,1,"The student answered correctly by selecting 'false'. The statement in the exercise suggests that you cannot manually adjust the position of the glass threads using buttons X and Y before splicing, which contradicts the typical functionality of fiber optic splicers that usually allow manual alignment adjustments. Therefore, recognizing this inconsistency, the student correctly identified the statement as false."
Pm_189508,U_31232166,"将玻璃丝固定,按SET键开始熔接。可以从光纤熔接器的显示屏中可以看到两端玻璃丝的对接情况,仪器不会自动调节对正,不可以通过按钮X,Y手动调节位置。等待几秒钟后就完成了光纤的熔接工作","{'true': '正确', 'false': '错误'}","[""false""]",K_调节_计算机科学与技术,网络综合布线,K_调节_计算机科学与技术,1,"The student correctly answered 'false' to the statement. The original statement contains an error in saying that the fiber splicer does not allow manual adjustments using buttons X and Y. Typically, fiber splicers do allow manual adjustments for alignment to ensure a proper splice. This error in the statement is likely what the student identified, leading to the correct answer of 'false'."
Pm_146588,U_414081,当您在命令提示符的后面输入命令的一部分时，按（__）键，Linux会帮你打剩下的字符，补充成为完整命令，如果有多个相符的命令，连按两下（__）键，Linux会显示所有的相符的命令。,"{'A': 'TAB', 'B': 'CONTRL', 'C': 'SHIFT', 'D': 'SPACE'}","[""A""]",K_命令提示符_计算机科学与技术,Linux系统管理,K_命令提示符_计算机科学与技术,1,"The student answered correctly by selecting 'A' - TAB. In Linux, pressing the TAB key after typing part of a command will autocomplete the rest of the command if it's unique. If there are multiple possible completions, pressing TAB twice will list all possible commands."
Pm_146589,U_414081,下面的选项哪些是正确的？,"{'A': 'Linux操作系统是由Linus Torvalds发明的', 'B': 'Linux操作系统是由Richard Stallman发明的', 'C': 'Linus Torvalds和Richard Stallman的工作共同造就了Linux', 'D': '自由软件运动和互联网的兴起造就了Linux操作系统'}","[""C"", ""D""]",K_自由软件_计算机科学与技术,Linux系统管理,K_自由软件_计算机科学与技术,1,"The student correctly identified options 'C' and 'D' as correct. Option 'C' is correct because Linus Torvalds developed the Linux kernel, and Richard Stallman's GNU Project provided many of the necessary tools. Option 'D' is also correct because the rise of the free software movement, spearheaded by Stallman, and the growth of the internet played significant roles in the development and popularity of Linux. Thus, the student's answer was accurate."
Pm_146591,U_414081,"关于CentOS,下面哪些说法是正确的？","{'A': 'CentOS100%兼容红帽企业版(RHEL)', 'B': 'CentOS不提供专门技术支持，不包含封闭源代码软件', 'C': 'CentOS 64位版本可以安装在32位架构的机器上', 'D': 'CentOS是利用用红帽企业版(RHEL)源代码重新编译而成的'}","[""A"", ""B"", ""D""]",K_闭源_计算机科学与技术,Linux系统管理,K_闭源_计算机科学与技术,0,"The student's answer incorrectly included option 'A' and correctly included options 'B' and 'D'. Option 'A' ('CentOS100%兼容红帽企业版(RHEL)') is misleading because while CentOS aims for compatibility, it cannot guarantee 100% compatibility due to third-party package or kernel differences. Option 'B' is correct as CentOS does not provide dedicated technical support or proprietary software. Option 'D' is also correct, as CentOS is derived from the source code of RHEL. The incorrect part of the answer might have been due to a misunderstanding of the level of compatibility that CentOS offers with RHEL. Finally, option 'C' should have been excluded, as CentOS 64-bit cannot be installed on a 32-bit architecture, which was correctly identified by the student."
Pm_146592,U_414081,安装Linux所要的两个最基本的分区分别是以（ ）和（ ）。,"{'A': '/boot分区', 'B': '/home分区', 'C': '根分区', 'D': 'Swap分区'}","[""C"", ""D""]",K_Swap分区_计算机科学与技术,Linux系统管理,K_Swap分区_计算机科学与技术,1,"The student answered correctly by selecting the '根分区' (Root Partition) and 'Swap分区' (Swap Partition). These are the two basic partitions required for installing Linux, as the root partition is necessary for the operating system's files, and the swap partition provides virtual memory support."
Pm_146593,U_414081,在Linux中，打开BASH后的命令提示符，能够告诉你有关主机的哪些信息？,"{'A': '登录的主机名', 'B': '登录的用户名', 'C': '用户当前所处的工作目录', 'D': '用户上次登录时间'}","[""A"", ""B"", ""C""]",K_主机名_计算机科学与技术,Linux系统管理,K_主机名_计算机科学与技术,0,"The student's answer includes options A, B, and C, which are correct. The command prompt in BASH typically shows the hostname (A), the current user's username (B), and the current working directory (C). However, the answer is deemed incorrect because the student did not select option D. Option D, '用户上次登录时间' (the user's last login time), is not typically displayed in the BASH prompt by default. Therefore, the student answered incorrectly because they possibly selected an incorrect option or incorrectly omitted an option from their response."
Pm_146593,U_414081,在Linux中，打开BASH后的命令提示符，能够告诉你有关主机的哪些信息？,"{'A': '登录的主机名', 'B': '登录的用户名', 'C': '用户当前所处的工作目录', 'D': '用户上次登录时间'}","[""A"", ""B"", ""C""]",K_命令提示符_计算机科学与技术,Linux系统管理,K_命令提示符_计算机科学与技术,0,"The student's answer includes 'A', 'B', and 'C', which are correct. The BASH command prompt typically displays information about the logged-in hostname, the logged-in username, and the user's current working directory. However, it does not display 'D', the user's last login time, which is why including 'A', 'B', and 'C' without 'D' in the answer would be correct. Since the answer 'A, B, C' provided by the student is correct based on this context, the problem might be with how the question was graded or input. Alternatively, the answer might have been marked incorrect due to a different expected format or requirement not specified in the provided data."
Pm_146597,U_414081,下面关于关机和重启的说法，哪些是正确的？,"{'A': '关机是系统管理员要给予充分重视的一件大事.', 'B': 'shutdown -k now 命令用于立即关机', 'C': '不恰当或者不正确的关机和重启，可能会导致数据丢失', 'D': '关机和重启命令默认情况下普通用户亦可执行'}","[""A"", ""C""]",K_系统管理员_计算机科学与技术,Linux系统管理,K_系统管理员_计算机科学与技术,1,The student correctly identified that statements 'A' and 'C' are correct. Statement 'A' is true because shutting down the system is an important task that requires attention from the system administrator to ensure it is done safely without disrupting services or causing data loss. Statement 'C' is also true as improper shutdowns or reboots can lead to data loss due to unsaved data not being properly written to storage. Option 'B' is incorrect because the 'shutdown -k now' command is used to send a warning message to logged-in users without actually shutting down the system. Option 'D' is incorrect because shutdown and reboot commands typically require administrative privileges and are not permitted by default for regular users to execute directly.
Pm_146598,U_414081,Linux中所谓的命令(Command)，广义上包括：,"{'A': '可执行的二进制文件', 'B': '可执行的库文件', 'C': 'shell脚本文件', 'D': 'shell内建函数'}","[""A"", ""C"", ""D""]",K_Shell脚本_计算机科学与技术,Linux系统管理,K_Shell脚本_计算机科学与技术,0,"The student answered incorrectly because they omitted option 'B', '可执行的库文件'. In Linux, a broad definition of a command can include executable binary files, shell scripts, shell built-in functions, and libraries that are executable. The correct answer should have included all options, 'A', 'B', 'C', and 'D'."
Pm_146604,U_414081,假设当前工作目录下有一个名为sampledir 的目录，该目录下有一个名为sampledir01的目录， 键入 “rmdir sampledir”，会发生什么？,"{'A': 'sampledir和sampledir01被删除', 'B': '出错', 'C': 'sampledir01被删除', 'D': 'sampledir被删除，但sampledir01未被删除'}","[""B""]",K_键入_计算机科学与技术,Linux系统管理,K_键入_计算机科学与技术,1,"The student correctly answered that executing the command 'rmdir sampledir' would result in an error. The command 'rmdir' is used to remove empty directories, but since 'sampledir' contains another directory 'sampledir01', it is not empty. Therefore, the command cannot execute successfully, leading to an error."
Pm_146607,U_414081,关于Linux中工作目录，下面哪些说法是错误的?,"{'A': '可以在命令提示符中观察到目前所处的工作目录', 'B': '用户登录后初始的默认工作目录总是登录用户的 “家目录”', 'C': '用户的工作目录是固定的', 'D': '可以用～字符代表当前工作目录'}","[""C"", ""D""]",K_登录_计算机科学与技术,Linux系统管理,K_登录_计算机科学与技术,1,"The student correctly identified the incorrect statements about Linux working directories. Option C is incorrect because a user's working directory is not fixed; it can be changed using commands such as 'cd'. Option D is also incorrect as the '~' character generally represents the user's home directory, not the current working directory. Thus, the student's selection of both 'C' and 'D' is correct."
Pm_146607,U_414081,关于Linux中工作目录，下面哪些说法是错误的?,"{'A': '可以在命令提示符中观察到目前所处的工作目录', 'B': '用户登录后初始的默认工作目录总是登录用户的 “家目录”', 'C': '用户的工作目录是固定的', 'D': '可以用～字符代表当前工作目录'}","[""C"", ""D""]",K_命令提示符_计算机科学与技术,Linux系统管理,K_命令提示符_计算机科学与技术,1,"The student correctly identified the incorrect statements related to working directories in Linux. Option C is incorrect because a user's working directory is not fixed; it can change as they navigate the filesystem. Option D is also incorrect because the '~' character represents the home directory, not the current working directory. Therefore, the correct answers were selected."
Pm_146613,U_414081,要将当前目录下的文件samplefile的文件从属组改为stu用户组，应该使用哪个命令？,"{'A': 'chmod stu ./samplefile', 'B': 'chown stu ./samplefile', 'C': 'chown :stu ./samplefile', 'D': 'chmod :stu ./samplefile'}","[""C""]",K_当前目录_计算机科学与技术,Linux系统管理,K_当前目录_计算机科学与技术,1,"The student answered correctly by choosing option C: 'chown :stu ./samplefile'. This command is used to change the group ownership of the file 'samplefile' to the 'stu' user group. The use of the colon ':' before the group name specifies that only the file's group should be changed, not the user ownership."
Pm_146614,U_414081,如用ls -l 命令列出文件，文件的第一个字段是drwxr-x---，表示什么,"{'A': '这是一个符号链接文件，对于文件拥有者可读可写可执行，对于从属用户组里的用户可读不可写可执行，对于其他用户不可读不可写不可执行', 'B': '这是一个普通文件，对于文件拥有者可读可写可执行，对于其他用户可读不可写可执行，对于从属用户组里的用户不可读不可写不可执行。', 'C': '这是一个目录文件，对于文件拥有者可读可写可执行，对于从属用户组里的用户可读不可写可执行，对于其他用户不可读不可写不可执行', 'D': '这是一个目录文件，对于文件拥有者可读可写可执行，对于从属用户组里的用户可读可写可执行，对于其他用户不可读不可写不可执行'}","[""C""]",K_符号链接_计算机科学与技术,Linux系统管理,K_符号链接_计算机科学与技术,1,"The student answered correctly. The string 'drwxr-x---' represents a directory ('d' at the beginning signifies directory) where the owner has read, write, and execute permissions ('rwx'), the group has read and execute permissions ('r-x'), and others have no permissions ('---'). Option C correctly describes these permissions."
Pm_146617,U_414081,用root用户登录系统，使用rm命令删除文件时，以下哪些做法是对的？,"{'A': 'rm ./sampledir 可以删除当前目录下的sampledir目录', 'B': 'rm -f ./file01 可以删除当前目录下的file01文件，并在删除前会向用户进行确认。', 'C': 'rm -R ./sampledir 可以删除当前目录下的sampledir目录', 'D': 'rm file01 file02 可以删除当前工作目录下的file01 和file02文件，并在删除前会向用户进行确认。'}","[""C"", ""D""]",K_登录_计算机科学与技术,Linux系统管理,K_登录_计算机科学与技术,0,"The student answered incorrectly by choosing options C and D. Let's examine the options: 

- Option A is incorrect because 'rm ./sampledir' would not delete a directory but instead, it is used for files unless a special option (-R or --recursive) is specified.

- Option B is incorrect because 'rm -f ./file01' deletes the file without any confirmation. The '-f' flag forces deletion silently.

- Option C is correct as 'rm -R ./sampledir' uses the recursive option to delete a directory and its contents.

- Option D is incorrect because using 'rm file01 file02' deletes multiple files without confirmation unless '-i' is specified.

The correct choice should have included option C only, as it is the correct use of rm to delete a directory."
Pm_146617,U_414081,用root用户登录系统，使用rm命令删除文件时，以下哪些做法是对的？,"{'A': 'rm ./sampledir 可以删除当前目录下的sampledir目录', 'B': 'rm -f ./file01 可以删除当前目录下的file01文件，并在删除前会向用户进行确认。', 'C': 'rm -R ./sampledir 可以删除当前目录下的sampledir目录', 'D': 'rm file01 file02 可以删除当前工作目录下的file01 和file02文件，并在删除前会向用户进行确认。'}","[""C"", ""D""]",K_删除文件_计算机科学与技术,Linux系统管理,K_删除文件_计算机科学与技术,0,"The student's answer was incorrect. Let's analyze the options: (A) 'rm ./sampledir' typically won't work for deleting a directory because 'rm' is used for files unless combined with '-r' or '-R' for directories. (B) The description is incorrect; 'rm -f ./file01' will force deletion without prompting for confirmation. (C) 'rm -R ./sampledir' is correct for deleting a directory and its contents recursively, which was selected by the student. (D) 'rm file01 file02' will delete both files without user confirmation unless interactive mode is enabled by default in the user's settings. Therefore, the correct answers are only (C) and (potentially) (D), depending on user settings, but option (B) is certainly wrong as it contradicts how 'rm -f' operates. The student's selection of (C) is correct, but (D) would only be correct depending on specific command configurations, which the question could imply incorrectly."
Pm_146618,U_414081,关于cp命令，哪些表述是正确的？,"{'A': 'cp命令可以同时拷贝多个文件', 'B': '默认情况下，cp命令拷贝时遇到同名文件会自动覆盖', 'C': '默认情况下，cp命令拷贝时会将文件属性一并进行拷贝', 'D': 'cp命令拷贝同时还可以重命名文件'}","[""A"", ""D""]",K_文件属性_计算机科学与技术,Linux系统管理,K_文件属性_计算机科学与技术,1,"The student correctly identified the options 'A' and 'D' as correct statements about the 'cp' command. Option 'A' is correct because 'cp' can indeed copy multiple files at once if multiple source files are specified. Option 'D' is correct as the 'cp' command allows renaming files by specifying a different destination filename. The options 'B' and 'C' were not selected, which is correct because, by default, 'cp' overwrites files only if the destination already exists, and file attributes like permissions and timestamps are not preserved unless specific flags (such as '-p') are used."
Pm_146619,U_414081,关于cp命令，哪些用法是可以达成目标？,"{'A': 'cp -R ~/sampledir . 可以将当前用户家目录下的sampledir目录拷贝到当前目录中。', 'B': 'cp ./file01 ./file02 .. 可以将当前目录下的file01文件拷贝到当前目录中并重命名为file02, 同时将file01文件拷贝到当前目录的上层目录中。', 'C': 'cp /home/stu/file01 ~/root 可以将file01目录拷贝到根用户家目录下', 'D': 'cp -R ../sampledir ~root 可以将上层目录中的sampledir目录拷贝到根用户家目录下'}","[""A"", ""D""]",K_当前目录_计算机科学与技术,Linux系统管理,K_当前目录_计算机科学与技术,0,"The student selected options A and D. Option A is correct as using 'cp -R ~/sampledir .' indeed copies the sampledir directory from the user's home directory to the current directory. However, option D is incorrect because the correct syntax to copy to the root user's home directory should be '~/root', not '~root', assuming the root home is /root. The correct options should have included B, which correctly describes moving file01 to file02 and also to the parent directory using the '..' path. Option C is incorrect because '~root' is not a valid directory path for the root user unless specifically created."
Pm_146621,U_414081,在使用ln建立文件链接时，为了跨越不同的文件系统，我们需要使用,"{'A': '普通链接', 'B': '硬链接', 'C': '符号链接', 'D': '特殊链接'}","[""C""]",K_硬链接_计算机科学与技术,Linux系统管理,K_硬链接_计算机科学与技术,0,"The question is about creating file links across different file systems using the 'ln' command. The correct answer is '符号链接' (Symbolic Link) because symbolic links can point to files on different file systems, unlike hard links which cannot span file systems as they rely on inode numbers. The student selected '符号链接', which is correct, but the record indicates 'is_correct': 0, suggesting an error in recording the student's input or evaluation."
Pm_146621,U_414081,在使用ln建立文件链接时，为了跨越不同的文件系统，我们需要使用,"{'A': '普通链接', 'B': '硬链接', 'C': '符号链接', 'D': '特殊链接'}","[""C""]",K_符号链接_计算机科学与技术,Linux系统管理,K_符号链接_计算机科学与技术,0,"The student's answer was incorrect. The correct answer is '符号链接' (symbolic link), represented by option C. Symbolic links are used to link files across different file systems, while hard links cannot do this as they are restricted to the same file system. The student may have misunderstood the capabilities of symbolic vs. hard links."
Pm_146622,U_414081,关于硬链接，下面哪些描述是正确的？,"{'A': '不可以跨文件系统。', 'B': '可以做目录的连接', 'C': '硬链接文件的inode-number与被链接文件的inode-number相同', 'D': '硬链接和符号链接的原理事实上是一样的'}","[""A"", ""C""]",K_硬链接_计算机科学与技术,Linux系统管理,K_硬链接_计算机科学与技术,1,"The student answered the question correctly by selecting options 'A' and 'C'. Option 'A', '不可以跨文件系统。', is correct because hard links cannot span across different file systems; they must reside on the same file system as the original file. Option 'C', '硬链接文件的inode-number与被链接文件的inode-number相同', is also correct as hard links indeed share the same inode number as the original file, which means they reference the same data on disk. Options 'B' and 'D' are incorrect because hard links cannot be created for directories to maintain filesystem integrity, and hard links and symbolic links operate fundamentally differently in terms of their underlying principles and implementation."
Pm_146622,U_414081,关于硬链接，下面哪些描述是正确的？,"{'A': '不可以跨文件系统。', 'B': '可以做目录的连接', 'C': '硬链接文件的inode-number与被链接文件的inode-number相同', 'D': '硬链接和符号链接的原理事实上是一样的'}","[""A"", ""C""]",K_符号链接_计算机科学与技术,Linux系统管理,K_符号链接_计算机科学与技术,1,"The student correctly identified the true statements about hard links. Option A is correct as hard links cannot cross file systems. Option C is also correct because hard links share the same inode number as the original file. Options B and D are incorrect; hard links cannot be created for directories and do not work on the same principle as symbolic links, which point to file paths rather than the inodes themselves."
Pm_146623,U_414081,关于文件硬链接和源文件的关系，下面哪些描述是正确的？,"{'A': '文件硬链接和源文件实际上共用一份文件内容数据', 'B': '源文件删除对文件硬链接没有影响', 'C': '一个硬盘分区上文件的硬链接可以位于另外一个分区上', 'D': '对于文件硬链接内容的改动不会影响到源文件'}","[""A"", ""B""]",K_硬链接_计算机科学与技术,Linux系统管理,K_硬链接_计算机科学与技术,0,"The student selected options 'A' and 'B'. Option 'A' is correct because a hard link and its source file do indeed share the same file content, as both point to the same inode on the disk. Option 'B' is also correct, since deleting the source file does not affect the hard link; the data remains accessible as long as a hard link points to it. However, option 'C' is incorrect because hard links must reside on the same partition as the source file. Option 'D' is incorrect as changes made through any hard link will affect the content of the source file since they all share the same inode. The student's response is incorrect as the correct options should include only 'A' and 'B'."
Pm_146623,U_414081,关于文件硬链接和源文件的关系，下面哪些描述是正确的？,"{'A': '文件硬链接和源文件实际上共用一份文件内容数据', 'B': '源文件删除对文件硬链接没有影响', 'C': '一个硬盘分区上文件的硬链接可以位于另外一个分区上', 'D': '对于文件硬链接内容的改动不会影响到源文件'}","[""A"", ""B""]",K_硬盘分区_计算机科学与技术,Linux系统管理,K_硬盘分区_计算机科学与技术,0,"The student correctly identified that 'A' is true because a hard link and the source file do indeed share the exact same data content; they are simply different directory entries pointing to the same inode. 'B' is also correct because deleting the source file name will not affect a hard link since the data remains accessible through the hard link. However, the student's answer is incomplete because option 'D' is false; any changes made to the content of a hard link will indeed reflect in the source file, since both point to the same data. Option 'C' is also false because hard links cannot span across different disk partitions. The student needs to provide a more complete answer by addressing all applicable options: 'A', 'B', and identifying 'C' and 'D' as incorrect."
Pm_146624,U_414081,关于符号链接，下面哪些描述是正确的？,"{'A': '可以通过符号链接文件来读、写和执行源文件。', 'B': '符号链接文件和源文件实际上是同一个文件。', 'C': '删除源文件，符号链接文件将变得不可用', 'D': '不能为符号链接文件再创建符号链接'}","[""A"", ""C""]",K_符号链接_计算机科学与技术,Linux系统管理,K_符号链接_计算机科学与技术,1,"The student correctly answered the question about symbolic links. Option 'A' is correct because symbolic links allow you to read, write, and execute the source file as if you were accessing it directly through the link. Option 'C' is also correct because if the source file is deleted, the symbolic link becomes invalid or 'dangling' and cannot be used to access the original content. Options 'B' and 'D' are incorrect; a symbolic link is not the same as the source file, it is just a pointer to it, and you can create symbolic links to symbolic links, forming a chain."
Pm_146627,U_414081,关于文件压缩，下面哪些描述是正确的?,"{'A': 'Linux中压缩文件有很多工具可以利用。', 'B': '用gzip命令压缩文件后，默认会删除源文件', 'C': 'gzip命令可以调节文件压缩的比例。', 'D': 'gzip 压缩文件的默认后缀名是.gz', 'E': 'gzip解压文件时默认会删除压缩文件'}","[""A"", ""B"", ""C"", ""D"", ""E""]",K_文件压缩_计算机科学与技术,Linux系统管理,K_文件压缩_计算机科学与技术,1,"The student answered all options as correct, which matched the problem requirement as asked, indicating their understanding of file compression in Linux. Options A, C, and D are true as Linux offers various tools for file compression, gzip can adjust compression levels, and files compressed with gzip usually have the .gz extension. Option B is correct because gzip deletes the source file by default when compressing. Option E is also true as gzip will typically remove the compressed file after extraction unless the -k or --keep options are used."
Pm_146630,U_414081,关于文件打包（归档），下面哪些描述是正确的?,"{'A': 'tar可以打包整个目录', 'B': 'tar打包多个文件后的打包文件大小，比原文件大小之和要稍小', 'C': 'tar 打包文件必须要有一个.tar的后缀名', 'D': '可以用tar命令来合并两个打包文件', 'E': '可以用tar命令来查看打包文件中的文件'}","[""A"", ""D"", ""E""]",K_文件大小_计算机科学与技术,Linux系统管理,K_文件大小_计算机科学与技术,0,"The student's answer included options A, D, and E, which contain a mix of correct and incorrect statements. Option A is correct because 'tar' can indeed package an entire directory. However, option D is incorrect as 'tar' is typically used to create an archive, not to combine two already existing archive files directly. Option E is correct because 'tar' can be used to list the contents of an archive. Therefore, the correct answers should have been A and E. The reason the answer was marked incorrect is due to the inclusion of option D."
Pm_146630,U_414081,关于文件打包（归档），下面哪些描述是正确的?,"{'A': 'tar可以打包整个目录', 'B': 'tar打包多个文件后的打包文件大小，比原文件大小之和要稍小', 'C': 'tar 打包文件必须要有一个.tar的后缀名', 'D': '可以用tar命令来合并两个打包文件', 'E': '可以用tar命令来查看打包文件中的文件'}","[""A"", ""D"", ""E""]",K_文件打包_计算机科学与技术,Linux系统管理,K_文件打包_计算机科学与技术,0,"The student's answer was incorrect because answer choices **A**, **D**, and **E** do not fully capture the truth about tar's functionality. Choice **A** is correct; `tar` can indeed package entire directories. However, choice **D** is incorrect; `tar` does not provide a straightforward way to merge two archive files if both are already archived separately, although you could unpack them and repack them together. Choice **E** is correct; you can use `tar` to list the contents of an archive. The student might have missed the key point with choice **B**, which is false because `tar` by itself does not compress and thus typically will not result in a smaller file size unless used with compression options like `gzip` or `bzip2`. Choice **C** is also false because a `tar` file does not necessarily need the .tar extension to function, although it is conventional to do so. Understanding these functionalities is crucial for effective use of `tar` in Linux system management."
Pm_146632,U_414081,现在需要在根目录下找所有的名字为temp的文件，然后删除，删除时不需要提示，请问可如何实现。,"{'A': 'find / -name temp rm *', 'B': '编一个SHELL脚本实现', 'C': 'find / -name temp –exec rm {}  ;', 'D': 'find / -name temp –exec rm'}","[""C""]",K_Shell脚本_计算机科学与技术,Linux系统管理,K_Shell脚本_计算机科学与技术,1,"The student answered correctly. Option C uses the 'find' command with the '-name' flag to search for files named 'temp' from the root directory. It then uses '-exec rm {} ;' to safely delete each found 'temp' file without prompting for confirmation, which matches the specified requirement. This is the correct usage of 'find' and 'rm' for the given task."
Pm_146633,U_414081,关locate命令，下面哪些描述是正确的？,"{'A': 'locate命令能够快速查找文件', 'B': '如不指定查找的目录范围，locate将以当前工作目录作为查找范围', 'C': 'locate查找速度更快是因为它采用了更加有效率的查找算法', 'D': 'locate有时会发生新建文件无法查找到的问题', 'E': 'locate有时会发生查找到已删除文件的问题'}","[""A"", ""D"", ""E""]",K_删除文件_计算机科学与技术,Linux系统管理,K_删除文件_计算机科学与技术,1,The student correctly identified the valid descriptions of the 'locate' command. Option 'A' is correct because the 'locate' command is designed to quickly find files. Option 'D' is correct because 'locate' can indeed have issues finding newly created files until the database is updated. Option 'E' is also correct as the 'locate' command may sometimes list deleted files if the database hasn't been updated. Options 'B' and 'C' are incorrect; 'locate' does not limit its search to the current directory and its speed advantage comes from using a prebuilt database rather than a more efficient search algorithm.
Pm_146635,U_414081,关Linux中的通配符，下面哪些描述是正确的？,"{'A': '通配符可以用于对批量文件进行操作', 'B': '* 可以匹配任意单个字符', 'C': '[0-9] 可以匹配0到9之间的任意单个字符', 'D': '[!A-Z] 可以匹配除了大写A到Z之间的任意单个字符'}","[""A"", ""C"", ""D""]",K_通配符_计算机科学与技术,Linux系统管理,K_通配符_计算机科学与技术,1,"The student correctly identified options A, C, and D as true descriptions of how wildcards work in Linux. Option A is correct because wildcards can indeed be used for batch file operations. Option C is correct because '[0-9]' matches any single digit character between 0 and 9. Option D is also correct because '[!A-Z]' matches any single character except those between uppercase A and Z. Option B is incorrect because '*' matches zero or more characters, not a single character. The student's answer is correct as they selected the correct options."
Pm_146637,U_414081,关于tail和head命令，下面哪些描述是正确的。,"{'A': 'head默认情况下显示文件的头5行', 'B': 'tail只能同时查看一个文本文件', 'C': '这一对命令经常被用来查看日志文件', 'D': '可以用 -n 选项（n为一个自然数）来指定tail和head要显示的行数'}","[""C"", ""D""]",K_显示文件_计算机科学与技术,Linux系统管理,K_显示文件_计算机科学与技术,0,"The student's answer is partially correct. Option C is correct because 'tail' and 'head' commands are indeed frequently used to view log files. Option D is also correct as both commands allow the use of the '-n' option to specify the number of lines to be displayed. However, the student missed the correct option A and incorrectly marked option B, which is incorrect because 'tail' can view more than one text file simultaneously using command line arguments. The correct options are A, C, and D, which state that head defaults to showing the first 10 lines (not 5), unless specified otherwise with an option, tail can view multiple files, and the use of the '-n' option is valid."
Pm_102052,U_5220302,面向对象的程序设计方法采用了什么样的抽象方法构建程序的类与对象：,"{'A': '过程抽象', 'B': '数据抽象', 'C': '过程抽象与数据抽象', 'D': '没有采用任何的抽象方法'}","[""B""]",K_数据抽象_计算机科学与技术,Java程序设计,K_数据抽象_计算机科学与技术,0,"The student chose option B, '数据抽象', which refers to data abstraction. However, the question relates to object-oriented programming (OOP), which typically involves both '过程抽象' (process abstraction) and '数据抽象' (data abstraction). In OOP, data abstraction is used to define classes that encapsulate data and behavior, while process abstraction refers to writing functions or methods that represent actions or processes. Therefore, the correct answer should have been option C, '过程抽象与数据抽象', as both types of abstraction are fundamental in the design of classes and objects in OOP. The student's answer was marked incorrect because they only selected data abstraction, omitting the process abstraction aspect."
Pm_102052,U_5220302,面向对象的程序设计方法采用了什么样的抽象方法构建程序的类与对象：,"{'A': '过程抽象', 'B': '数据抽象', 'C': '过程抽象与数据抽象', 'D': '没有采用任何的抽象方法'}","[""B""]",K_面向对象的程序设计_计算机科学与技术,Java程序设计,K_面向对象的程序设计_计算机科学与技术,0,"The student answered 'B: 数据抽象' which is correct in context but not complete. Object-oriented programming (OOP) employs both process abstraction and data abstraction. The most accurate choice would have been 'C: 过程抽象与数据抽象', as OOP concepts include encapsulation (data abstraction) and methods (process abstraction). Hence, the student's answer was marked incorrect because they did not select the option that represents both aspects."
Pm_102053,U_5220302,下面关于抽象概念的描述中，不正确的是,"{'A': '计算机软件开发使用的抽象有过程抽象和数据抽象两种', 'B': '过程抽象强调功能完成的过程和步骤', 'C': '过程抽象按照功能将整个系统的不同部分抽象成不同的类', 'D': '数据抽象的每个抽象数据类型包含了数据和针对这些数据的操作'}","[""C""]",K_数据抽象_计算机科学与技术,Java程序设计,K_数据抽象_计算机科学与技术,1,"The student correctly identified option 'C' as incorrect. In computer science, process abstraction is not about abstracting different parts of a system into classes; rather, it focuses on the sequence of actions needed to perform a function. Option 'C' incorrectly connects process abstraction with categorizing system components into classes, which is more relevant to object-oriented design. Therefore, the student correctly chose 'C' as not a correct description of abstraction concepts."
Pm_102056,U_5220302,Java的封装性是通过什么实现的：,"{'A': '访问控制权限', 'B': '设计内部类', 'C': '静态域与静态方法', 'D': '包'}","[""A""]",K_静态方法_计算机科学与技术,Java程序设计,K_静态方法_计算机科学与技术,1,"The student's answer is correct. In Java, encapsulation is achieved through access control permissions, which is option 'A'. By using access modifiers such as public, private, and protected, Java allows developers to restrict access to certain parts of the code and encapsulate the details of how objects are implemented. This aligns with the core concept of encapsulation in object-oriented programming."
Pm_102057,U_5220302,Java语言间的继承关系是：,"{'A': '单继承', 'B': '多继承', 'C': '单继承和多继承', 'D': '不能继承'}","[""A""]",K_多继承_计算机科学与技术,Java程序设计,K_多继承_计算机科学与技术,0,"The student's answer was incorrect. Java supports single inheritance, which means a class can inherit from only one superclass. Java does not support multiple inheritance, where a class can inherit from multiple classes, through classes but achieves polymorphic behavior using interfaces. Therefore, '单继承' (Single Inheritance) is the correct answer. The mistake may have arisen because the student misunderstood Java's inheritance model, possibly confusing Java's use of interfaces with multiple inheritance."
Pm_102057,U_5220302,Java语言间的继承关系是：,"{'A': '单继承', 'B': '多继承', 'C': '单继承和多继承', 'D': '不能继承'}","[""A""]",K_单继承_计算机科学与技术,Java程序设计,K_单继承_计算机科学与技术,0,"The student answered 'A: 单继承' which is actually correct for Java's class inheritance. Java supports single inheritance for classes, which means a class can only extend one superclass. However, the answer is marked as incorrect due to a potential system error, as the given answer aligns with Java's inheritance model for classes. Note: Java does support multiple inheritance of types through interfaces, but not with classes."
Pm_102057,U_5220302,Java语言间的继承关系是：,"{'A': '单继承', 'B': '多继承', 'C': '单继承和多继承', 'D': '不能继承'}","[""A""]",K_Java语言_计算机科学与技术,Java程序设计,K_Java语言_计算机科学与技术,0,"The student chose 'A' indicating '单继承' (single inheritance) as the correct answer. In Java, classes can inherit from only one superclass, which is indeed single inheritance. However, if the context of the question includes interfaces, Java supports multiple inheritance through interfaces. Given that the student's answer is marked incorrect, the expected answer might consider the full capabilities of Java, potentially acknowledging interfaces. Therefore, the student's answer might have been considered incorrect if it did not account for this broader context."
Pm_102059,U_5220302,类与对象的关系是：,"{'A': '类是对象的抽象', 'B': '对象是类的抽象', 'C': '对象是类的子类', 'D': '类是对象的具体实例'}","[""A""]",K_子类_计算机科学与技术,Java程序设计,K_子类_计算机科学与技术,1,"The student's answer is correct. In object-oriented programming, a class is a blueprint for creating objects, hence it is considered an abstraction of objects. Therefore, the relationship that '类是对象的抽象' (the class is an abstraction of an object) is the correct choice."
Pm_102060,U_5220302,关于Java中类的声明，下面哪个关键字是必须有的：,"{'A': 'public', 'B': 'class', 'C': 'extends', 'D': 'implements'}","[""B""]",K_声明_计算机科学与技术,Java程序设计,K_声明_计算机科学与技术,0,"The student answered incorrectly. In Java, when declaring a class, the keyword 'class' is necessary. It is used to define a new class. Therefore, option 'B' is the correct choice. Keywords like 'public', 'extends', and 'implements' are optional and used depending on the specific functionality or visibility you wish to implement in your class."
Pm_102061,U_5220302,在Java类的声明中，类体包含了哪些内容：,"{'A': '变量成员声明及初始化', 'B': '方法声明', 'C': '方法体', 'D': '以上所有内容'}","[""D""]",K_声明_计算机科学与技术,Java程序设计,K_声明_计算机科学与技术,0,"The student chose option 'D', which includes '以上所有内容' (all of the above). This response is correct, since a Java class body can indeed contain variable member declarations and initializations, method declarations, and method bodies. However, the student was marked incorrect, possibly due to a misunderstanding or an error in the system. The student's answer reflects a correct understanding of Java class structure."
Pm_102064,U_5220302,下面关于变量的说法，哪个是不正确的：,"{'A': '实例变量是类的成员变量', 'B': '类变量用关键字static声明', 'C': '类变量可以用.访问', 'D': '实例变量可以用.访问'}","[""D""]",K_实例变量_计算机科学与技术,Java程序设计,K_实例变量_计算机科学与技术,0,"The question asks which statement about variables is incorrect. The student's chosen answer 'D' claims that instance variables can be accessed using '.', which is actually correct because instance variables are accessed in this way via object references in Java. Therefore, the student's answer is incorrect. The correct incorrect statement is actually 'A' or 'B', as 'A' might be considered incorrect depending on context (instance variables are indeed members of objects, not directly classes) and 'B' is technically incorrect because Java doesn't use 'static' as a keyword for class variables but just appends it within the class context."
Pm_102064,U_5220302,下面关于变量的说法，哪个是不正确的：,"{'A': '实例变量是类的成员变量', 'B': '类变量用关键字static声明', 'C': '类变量可以用.访问', 'D': '实例变量可以用.访问'}","[""D""]",K_成员变量_计算机科学与技术,Java程序设计,K_成员变量_计算机科学与技术,0,"The student's answer 'D' is actually a correct statement, hence the choice of 'D' was incorrect as the question asked for the statement that is 'not correct'. In Java, instance variables can indeed be accessed using the '.' (dot) operator. On the other hand, a common misconception might be with options 'A', 'B', and 'C', but according to Java terminology: 'A' is true because instance variables are indeed members of a class, 'B' is true as class variables can be declared with the 'static' keyword, and 'C' is true since class variables (also known as static variables) can be accessed via 'ClassName.variableName'. Therefore, the incorrect statement should have been identified among these, rather than 'D'."
Pm_102065,U_5220302,关于下面的程序，哪个说法是正确的：public class Person{  static String a[] = new String[5];  public static void main(String argv[]) {    System.out.println(a[0]);  } },"{'A': '编译时将产生错误', 'B': '编译错误，运行时将产生异常', 'C': '输出为null', 'D': '输出0'}","[""C""]",K_编译时_计算机科学与技术,Java程序设计,K_编译时_计算机科学与技术,0,"The student selected option C, '输出为null', which is the correct answer. In Java, when an array of objects is declared, each element of the array is initialized to 'null' by default if not explicitly assigned a value. Therefore, the program prints 'null' as the initial value of the array element 'a[0]'. The student was correct in their choice."
Pm_102067,U_5220302,类变量的修饰符是：,"{'A': 'static', 'B': 'class', 'C': 'public', 'D': 'void'}","[""A""]",K_修饰符_计算机科学与技术,Java程序设计,K_修饰符_计算机科学与技术,1,"The student correctly answered that the modifier for class variables in Java is 'static'. This keyword is used to declare class-level variables and methods that belong to the class rather than any particular instance. Hence, selecting 'A: static' is the right choice."
Pm_102068,U_5220302,"考虑以下的方法头声明：public void myMethod(int num, char letter) 下面哪个描述是正确的：","{'A': '这个方法有个int型的参数，它的形式参数是letter', 'B': '这个方法有个int型的参数，它的形式参数是num', 'C': '这个方法有个char型的参数，它的实际参数是myMethod', 'D': '这个方法是一个构造方法'}","[""B""]",K_形式参数_计算机科学与技术,Java程序设计,K_形式参数_计算机科学与技术,0,"The student selected option 'B', which states that the method has an int parameter with 'num' as its formal parameter. This is correct, as in the method declaration 'public void myMethod(int num, char letter)', 'num' is indeed the formal parameter name for the int type. However, the answer was marked incorrect due to a system error, suggesting a review of the evaluation process is necessary."
Pm_102068,U_5220302,"考虑以下的方法头声明：public void myMethod(int num, char letter) 下面哪个描述是正确的：","{'A': '这个方法有个int型的参数，它的形式参数是letter', 'B': '这个方法有个int型的参数，它的形式参数是num', 'C': '这个方法有个char型的参数，它的实际参数是myMethod', 'D': '这个方法是一个构造方法'}","[""B""]",K_实际参数_计算机科学与技术,Java程序设计,K_实际参数_计算机科学与技术,0,"The student chose option B, which states that the method has an int parameter with a formal parameter name 'num'. This is actually correct. However, the question asks which description about 'myMethod' is correct, not just for the parameter 'num'. Therefore, B is incomplete because it doesn't fully describe both parameters of the method. There is no correct description in the given options because none of them accurately cover the method's two parameters: an int parameter named 'num' and a char parameter named 'letter'."
Pm_102070,U_5220302,要获取以下MyClass类中member的值，采用的语句是：public class Myclass{  public static int member=1;  public static int getmember(){   return member;  }};,"{'A': 'MyClass.member()', 'B': 'MyClass().member', 'C': 'MyClass.member或者MyClass.getmember()', 'D': 'MyClass().member或者MyClass().getmember()'}","[""C""]",K_获取_计算机科学与技术,Java程序设计,K_获取_计算机科学与技术,1,"The student correctly chose option C which states 'MyClass.member或者MyClass.getmember()' as the method to access the static 'member' variable in the MyClass class. This is correct because 'MyClass.member' directly accesses the static variable, and 'MyClass.getmember()' calls the static method that returns the value of the 'member' variable. Both approaches are valid for accessing a static member in Java, hence the student's answer is correct."
Pm_1248812,U_5220302,以下程序片段，下列哪个选项插入到第2行将引起编译错误：1. package mypackage;2. 3. class Myclass{4.   //do something5. },"{'A': 'public class MainClass{}', 'B': 'package mypackage1;', 'C': 'class B{}', 'D': 'import java.util. *;'}","[""B""]",K_选项_计算机科学与技术,Java程序设计,K_选项_计算机科学与技术,0,"The student selected option 'B' which inserts 'package mypackage1;' at line 2. In Java, the package declaration must be the first statement in a source file, and having a second package declaration 'package mypackage1;' after 'package mypackage;' would indeed cause a compilation error. The student's choice is actually correct given the context, but the problem likely involves clarification in understanding. Reinforcing the concept of package declaration order could help prevent confusion in similar questions."
Pm_1248814,U_5220302,某类的成员方法只能被自己调用，修饰该方法的是：,"{'A': 'public', 'B': 'protected', 'C': 'private', 'D': '无修饰符'}","[""C""]",K_修饰符_计算机科学与技术,Java程序设计,K_修饰符_计算机科学与技术,0,"The student incorrectly answered this question about access modifiers in Java. The problem asks which modifier restricts a member method to be callable only by the class itself. The correct answer is 'C', which is 'private'. Since the student's answer was marked wrong, it indicates they likely did not choose 'C'. 'Private' is the correct choice because methods labeled as private cannot be accessed outside their own class, fulfilling the condition described in the problem."
Pm_1248815,U_5220302,另外的类要获取以下MyClass类中member的值，采用的语句是：,"{'A': 'MyClass.member', 'B': 'new MyClass().member', 'C': 'MyClass.getMember()', 'D': 'MyClass().getMember()'}","[""C""]",K_获取_计算机科学与技术,Java程序设计,K_获取_计算机科学与技术,0,"The student's answer ""C"" suggests using `MyClass.getMember()` to access the 'member' of the MyClass class. However, this is incorrect because it implies that 'getMember' is a static method accessible via the class name directly, which is not typically how instance members are accessed in Java. If 'member' is an instance variable, it must be accessed through an instance of the class, which aligns with options 'B' or 'D'. If 'getMember' is intended to be a method that retrieves 'member', the correct choice would be 'D', where an instance is created first with 'new MyClass()', and then the method 'getMember()' is called on that instance, assuming 'getMember()' is an instance method."
Pm_1248816,U_5220302,下列代码在编译时会发生错误，下面哪种修改可以更正错误:,"{'A': '将private int m改成protected int m', 'B': '将private int m改成public int m', 'C': '将private int m改成static int m', 'D': '将private int m改成int m'}","[""C""]",K_编译时_计算机科学与技术,Java程序设计,K_编译时_计算机科学与技术,0,"The student's answer 'C' suggests changing 'private int m' to 'static int m'. However, the exact cause of the compilation error isn't specified in the record. In general, changing to 'static' wouldn't address visibility or access issues. If the error is due to access level, options 'A' or 'B' would be more appropriate solutions as they are related to visibility within inheritance or globally. Without specific context on the error, it's difficult to determine why 'C' was chosen incorrectly, but options 'A' and 'B' seem more likely to fix the most common access-related compilation errors."
Pm_1249295,U_5220302,关于Java的构造函数，下列说法哪个正确：,"{'A': '所有类都必须定义一个构造函数', 'B': '构造函数必须有返回值', 'C': '构造函数可以访问类的非静态成员', 'D': '构造函数必须初始化类的所有数据成员'}","[""C""]",K_静态成员_计算机科学与技术,Java程序设计,K_静态成员_计算机科学与技术,0,"The student answered incorrectly by selecting option 'C', which states that '构造函数可以访问类的非静态成员'. This statement is indeed true, as constructors can access both static and non-static members of a class. However, since the record states that the student's answer was incorrect, this indicates that there might be a misunderstanding with the provided key or problem setup. Typically, option 'C' would be a correct answer if the question is about valid characteristics of constructors in Java. It may be worth re-evaluating the problem's correct answer key, as 'C' normally is a correct choice in this context."
Pm_695204,U_5220302,question(inta){returna;}函数question定义如上，它缺失了（）<!--!doctype-->,"{'A': '返回值类型<!--!doctype-->', 'B': '函数名<!--!doctype-->', 'C': '形式参数表<!--!doctype-->', 'D': '语句序列<!--!doctype-->'}","[""A""]",K_形式参数_计算机科学与技术,C++语言程序设计基础,K_形式参数_计算机科学与技术,1,"The student answered the question correctly. In the function definition provided, 'question(inta){returna;}', there is a missing return value type. The correct answer is 'A': '返回值类型', because in C++ function definitions, specifying the return type before the function name is mandatory."
Pm_189415,U_6646564,综合布线要求设计一个结构合理、技术先进、满足需求的综合布线系统方案，下列哪项不属于综合布线系统的设计原则。(  ),"{'A': '综合考虑用户需求、建筑物功能、经济发展水平等因素', 'B': '长远规划思想、保持一定的先进性', 'C': '不必将综合布线系统纳入建筑物整体规划、设计和建设中', 'D': '扩展性、标准化、灵活的管理方式'}","[""C""]",K_设计原则_计算机科学与技术,网络综合布线,K_设计原则_计算机科学与技术,1,"The student correctly identified option C as the one that does not belong to the design principles of an integrated cabling system. Comprehensive cabling systems should indeed be included in the overall planning, design, and construction of the building. The other options (A, B, and D) reflect the proper considerations and principles like taking user needs into account, future planning, and maintaining flexibility and standardization, which are essential for a well-designed cabling system."
Pm_189415,U_6646564,综合布线要求设计一个结构合理、技术先进、满足需求的综合布线系统方案，下列哪项不属于综合布线系统的设计原则。(  ),"{'A': '综合考虑用户需求、建筑物功能、经济发展水平等因素', 'B': '长远规划思想、保持一定的先进性', 'C': '不必将综合布线系统纳入建筑物整体规划、设计和建设中', 'D': '扩展性、标准化、灵活的管理方式'}","[""C""]",K_综合_计算机科学与技术,网络综合布线,K_综合_计算机科学与技术,1,"The student correctly identified option C as not belonging to the design principles of a comprehensive cabling system. Comprehensive cabling requires integration into the overall building planning, design, and construction, so option C, which suggests otherwise, is the correct choice for what does not belong."
